ImageId,Label
1.0,7
2.0,2
3.0,1
4.0,0
5.0,4
6.0,1
7.0,4
8.0,9
9.0,5
10.0,9
11.0,0
12.0,6
13.0,9
14.0,0
15.0,1
16.0,5
17.0,9
18.0,7
19.0,5
20.0,4
21.0,9
22.0,6
23.0,6
24.0,5
25.0,4
26.0,0
27.0,7
28.0,4
29.0,0
30.0,1
31.0,3
32.0,1
33.0,3
34.0,4
35.0,7
36.0,2
37.0,7
38.0,1
39.0,2
40.0,1
41.0,1
42.0,7
43.0,4
44.0,2
45.0,3
46.0,5
47.0,1
48.0,2
49.0,4
50.0,4
51.0,6
52.0,3
53.0,5
54.0,5
55.0,6
56.0,0
57.0,4
58.0,1
59.0,9
60.0,5
61.0,7
62.0,8
63.0,9
64.0,3
65.0,7
66.0,4
67.0,6
68.0,4
69.0,3
70.0,0
71.0,7
72.0,0
73.0,2
74.0,9
75.0,1
76.0,7
77.0,3
78.0,2
79.0,8
80.0,7
81.0,7
82.0,6
83.0,2
84.0,7
85.0,8
86.0,4
87.0,7
88.0,3
89.0,6
90.0,1
91.0,3
92.0,6
93.0,9
94.0,3
95.0,1
96.0,4
97.0,1
98.0,7
99.0,6
100.0,9
101.0,6
102.0,0
103.0,5
104.0,4
105.0,9
106.0,9
107.0,2
108.0,1
109.0,9
110.0,4
111.0,8
112.0,7
113.0,3
114.0,9
115.0,7
116.0,4
117.0,4
118.0,4
119.0,9
120.0,2
121.0,5
122.0,4
123.0,7
124.0,6
125.0,7
126.0,9
127.0,0
128.0,5
129.0,8
130.0,5
131.0,6
132.0,6
133.0,5
134.0,7
135.0,8
136.0,1
137.0,0
138.0,1
139.0,6
140.0,4
141.0,6
142.0,7
143.0,3
144.0,1
145.0,7
146.0,1
147.0,8
148.0,2
149.0,0
150.0,2
151.0,9
152.0,9
153.0,5
154.0,5
155.0,1
156.0,5
157.0,6
158.0,0
159.0,3
160.0,4
161.0,4
162.0,6
163.0,5
164.0,4
165.0,6
166.0,5
167.0,4
168.0,5
169.0,1
170.0,4
171.0,4
172.0,7
173.0,2
174.0,3
175.0,2
176.0,7
177.0,1
178.0,8
179.0,1
180.0,8
181.0,1
182.0,8
183.0,5
184.0,0
185.0,8
186.0,9
187.0,2
188.0,5
189.0,0
190.0,1
191.0,1
192.0,1
193.0,0
194.0,9
195.0,0
196.0,3
197.0,1
198.0,6
199.0,4
200.0,2
201.0,3
202.0,6
203.0,1
204.0,1
205.0,1
206.0,3
207.0,9
208.0,5
209.0,2
210.0,9
211.0,4
212.0,5
213.0,9
214.0,3
215.0,9
216.0,0
217.0,3
218.0,6
219.0,5
220.0,5
221.0,7
222.0,2
223.0,2
224.0,7
225.0,1
226.0,2
227.0,8
228.0,4
229.0,1
230.0,7
231.0,3
232.0,3
233.0,8
234.0,8
235.0,7
236.0,9
237.0,2
238.0,2
239.0,4
240.0,1
241.0,5
242.0,9
243.0,8
244.0,7
245.0,2
246.0,3
247.0,0
248.0,4
249.0,4
250.0,2
251.0,4
252.0,1
253.0,9
254.0,5
255.0,7
256.0,7
257.0,2
258.0,8
259.0,2
260.0,6
261.0,8
262.0,5
263.0,7
264.0,7
265.0,9
266.0,1
267.0,8
268.0,1
269.0,8
270.0,0
271.0,3
272.0,0
273.0,1
274.0,9
275.0,9
276.0,4
277.0,1
278.0,8
279.0,2
280.0,1
281.0,2
282.0,9
283.0,7
284.0,5
285.0,9
286.0,2
287.0,6
288.0,4
289.0,1
290.0,5
291.0,8
292.0,2
293.0,9
294.0,2
295.0,0
296.0,4
297.0,0
298.0,0
299.0,2
300.0,8
301.0,4
302.0,7
303.0,1
304.0,2
305.0,4
306.0,0
307.0,2
308.0,7
309.0,4
310.0,3
311.0,3
312.0,0
313.0,0
314.0,3
315.0,1
316.0,9
317.0,6
318.0,5
319.0,2
320.0,5
321.0,8
322.0,2
323.0,9
324.0,3
325.0,0
326.0,4
327.0,2
328.0,0
329.0,7
330.0,1
331.0,1
332.0,2
333.0,1
334.0,5
335.0,3
336.0,3
337.0,9
338.0,7
339.0,8
340.0,6
341.0,5
342.0,6
343.0,1
344.0,3
345.0,8
346.0,1
347.0,0
348.0,5
349.0,1
350.0,3
351.0,1
352.0,5
353.0,5
354.0,6
355.0,1
356.0,8
357.0,5
358.0,1
359.0,7
360.0,9
361.0,4
362.0,6
363.0,2
364.0,2
365.0,5
366.0,0
367.0,6
368.0,5
369.0,6
370.0,3
371.0,7
372.0,2
373.0,0
374.0,8
375.0,8
376.0,5
377.0,4
378.0,1
379.0,1
380.0,4
381.0,0
382.0,3
383.0,3
384.0,7
385.0,6
386.0,1
387.0,6
388.0,2
389.0,1
390.0,9
391.0,2
392.0,8
393.0,6
394.0,1
395.0,9
396.0,5
397.0,2
398.0,5
399.0,4
400.0,4
401.0,2
402.0,8
403.0,3
404.0,8
405.0,2
406.0,4
407.0,5
408.0,0
409.0,3
410.0,1
411.0,7
412.0,7
413.0,5
414.0,7
415.0,9
416.0,7
417.0,1
418.0,9
419.0,2
420.0,1
421.0,4
422.0,2
423.0,9
424.0,2
425.0,0
426.0,4
427.0,9
428.0,1
429.0,4
430.0,8
431.0,1
432.0,8
433.0,4
434.0,5
435.0,9
436.0,8
437.0,8
438.0,3
439.0,7
440.0,6
441.0,0
442.0,0
443.0,3
444.0,0
445.0,2
446.0,0
447.0,6
448.0,4
449.0,9
450.0,5
451.0,3
452.0,3
453.0,2
454.0,3
455.0,9
456.0,1
457.0,2
458.0,6
459.0,8
460.0,0
461.0,5
462.0,6
463.0,6
464.0,6
465.0,3
466.0,8
467.0,8
468.0,2
469.0,7
470.0,5
471.0,8
472.0,9
473.0,6
474.0,1
475.0,8
476.0,4
477.0,1
478.0,2
479.0,5
480.0,9
481.0,1
482.0,9
483.0,7
484.0,5
485.0,4
486.0,0
487.0,8
488.0,9
489.0,9
490.0,1
491.0,0
492.0,5
493.0,2
494.0,3
495.0,7
496.0,8
497.0,9
498.0,4
499.0,0
500.0,6
501.0,3
502.0,9
503.0,5
504.0,2
505.0,1
506.0,3
507.0,1
508.0,3
509.0,6
510.0,5
511.0,7
512.0,4
513.0,2
514.0,2
515.0,6
516.0,3
517.0,2
518.0,6
519.0,5
520.0,4
521.0,8
522.0,9
523.0,7
524.0,1
525.0,3
526.0,0
527.0,3
528.0,8
529.0,3
530.0,1
531.0,9
532.0,3
533.0,4
534.0,4
535.0,6
536.0,4
537.0,2
538.0,1
539.0,8
540.0,2
541.0,5
542.0,4
543.0,8
544.0,8
545.0,4
546.0,0
547.0,0
548.0,2
549.0,3
550.0,2
551.0,7
552.0,7
553.0,0
554.0,8
555.0,7
556.0,4
557.0,4
558.0,7
559.0,9
560.0,6
561.0,9
562.0,0
563.0,9
564.0,8
565.0,0
566.0,4
567.0,6
568.0,0
569.0,6
570.0,3
571.0,5
572.0,4
573.0,8
574.0,3
575.0,3
576.0,9
577.0,3
578.0,3
579.0,3
580.0,7
581.0,8
582.0,0
583.0,2
584.0,2
585.0,1
586.0,7
587.0,0
588.0,6
589.0,5
590.0,4
591.0,3
592.0,8
593.0,0
594.0,8
595.0,6
596.0,3
597.0,8
598.0,0
599.0,9
600.0,9
601.0,6
602.0,8
603.0,6
604.0,8
605.0,5
606.0,7
607.0,8
608.0,6
609.0,0
610.0,2
611.0,4
612.0,0
613.0,2
614.0,2
615.0,3
616.0,1
617.0,9
618.0,7
619.0,5
620.0,8
621.0,0
622.0,8
623.0,4
624.0,6
625.0,2
626.0,6
627.0,7
628.0,9
629.0,3
630.0,2
631.0,9
632.0,8
633.0,2
634.0,2
635.0,9
636.0,2
637.0,7
638.0,3
639.0,5
640.0,9
641.0,1
642.0,8
643.0,0
644.0,2
645.0,0
646.0,5
647.0,4
648.0,1
649.0,3
650.0,7
651.0,6
652.0,7
653.0,1
654.0,2
655.0,5
656.0,8
657.0,0
658.0,3
659.0,7
660.0,2
661.0,4
662.0,0
663.0,9
664.0,1
665.0,8
666.0,6
667.0,7
668.0,7
669.0,4
670.0,3
671.0,4
672.0,9
673.0,1
674.0,9
675.0,5
676.0,1
677.0,2
678.0,3
679.0,9
680.0,7
681.0,6
682.0,9
683.0,1
684.0,3
685.0,7
686.0,8
687.0,3
688.0,3
689.0,6
690.0,7
691.0,2
692.0,8
693.0,5
694.0,8
695.0,5
696.0,1
697.0,1
698.0,4
699.0,4
700.0,3
701.0,1
702.0,0
703.0,7
704.0,7
705.0,0
706.0,7
707.0,9
708.0,4
709.0,4
710.0,8
711.0,5
712.0,5
713.0,4
714.0,0
715.0,8
716.0,2
717.0,1
718.0,0
719.0,8
720.0,4
721.0,5
722.0,0
723.0,4
724.0,0
725.0,6
726.0,1
727.0,4
728.0,3
729.0,2
730.0,6
731.0,7
732.0,2
733.0,6
734.0,9
735.0,3
736.0,1
737.0,4
738.0,6
739.0,2
740.0,5
741.0,9
742.0,2
743.0,0
744.0,6
745.0,2
746.0,1
747.0,7
748.0,3
749.0,4
750.0,1
751.0,0
752.0,5
753.0,4
754.0,3
755.0,1
756.0,1
757.0,7
758.0,4
759.0,9
760.0,9
761.0,4
762.0,8
763.0,4
764.0,0
765.0,2
766.0,4
767.0,5
768.0,1
769.0,1
770.0,6
771.0,4
772.0,7
773.0,1
774.0,9
775.0,4
776.0,2
777.0,4
778.0,1
779.0,5
780.0,5
781.0,3
782.0,8
783.0,3
784.0,1
785.0,4
786.0,5
787.0,6
788.0,8
789.0,9
790.0,4
791.0,1
792.0,5
793.0,3
794.0,8
795.0,0
796.0,3
797.0,2
798.0,5
799.0,1
800.0,2
801.0,8
802.0,3
803.0,4
804.0,4
805.0,0
806.0,8
807.0,8
808.0,3
809.0,3
810.0,1
811.0,7
812.0,3
813.0,5
814.0,8
815.0,6
816.0,3
817.0,2
818.0,6
819.0,1
820.0,3
821.0,6
822.0,0
823.0,7
824.0,2
825.0,1
826.0,7
827.0,1
828.0,4
829.0,2
830.0,4
831.0,2
832.0,1
833.0,7
834.0,9
835.0,6
836.0,1
837.0,1
838.0,2
839.0,4
840.0,8
841.0,1
842.0,7
843.0,7
844.0,4
845.0,8
846.0,0
847.0,7
848.0,3
849.0,1
850.0,3
851.0,1
852.0,0
853.0,7
854.0,7
855.0,0
856.0,3
857.0,5
858.0,5
859.0,2
860.0,7
861.0,6
862.0,6
863.0,9
864.0,2
865.0,8
866.0,3
867.0,5
868.0,2
869.0,2
870.0,5
871.0,6
872.0,0
873.0,8
874.0,2
875.0,9
876.0,2
877.0,8
878.0,8
879.0,8
880.0,8
881.0,7
882.0,4
883.0,9
884.0,3
885.0,0
886.0,6
887.0,6
888.0,3
889.0,2
890.0,1
891.0,3
892.0,2
893.0,2
894.0,9
895.0,3
896.0,0
897.0,0
898.0,5
899.0,7
900.0,8
901.0,1
902.0,4
903.0,4
904.0,6
905.0,0
906.0,2
907.0,9
908.0,1
909.0,4
910.0,7
911.0,4
912.0,7
913.0,3
914.0,9
915.0,8
916.0,8
917.0,4
918.0,7
919.0,1
920.0,2
921.0,1
922.0,2
923.0,2
924.0,3
925.0,2
926.0,3
927.0,2
928.0,3
929.0,9
930.0,1
931.0,7
932.0,4
933.0,0
934.0,3
935.0,5
936.0,5
937.0,8
938.0,6
939.0,5
940.0,2
941.0,6
942.0,7
943.0,6
944.0,6
945.0,3
946.0,2
947.0,7
948.0,8
949.0,1
950.0,1
951.0,7
952.0,5
953.0,6
954.0,4
955.0,9
956.0,5
957.0,1
958.0,3
959.0,3
960.0,4
961.0,7
962.0,8
963.0,9
964.0,1
965.0,1
966.0,6
967.0,9
968.0,1
969.0,4
970.0,4
971.0,5
972.0,4
973.0,0
974.0,6
975.0,2
976.0,2
977.0,3
978.0,1
979.0,5
980.0,1
981.0,2
982.0,0
983.0,3
984.0,8
985.0,1
986.0,2
987.0,6
988.0,7
989.0,1
990.0,6
991.0,2
992.0,3
993.0,9
994.0,0
995.0,1
996.0,2
997.0,2
998.0,0
999.0,8
1000.0,9
1001.0,9
1002.0,0
1003.0,2
1004.0,5
1005.0,1
1006.0,9
1007.0,7
1008.0,8
1009.0,1
1010.0,0
1011.0,4
1012.0,1
1013.0,7
1014.0,9
1015.0,0
1016.0,4
1017.0,2
1018.0,6
1019.0,8
1020.0,1
1021.0,3
1022.0,7
1023.0,5
1024.0,4
1025.0,4
1026.0,1
1027.0,8
1028.0,1
1029.0,3
1030.0,8
1031.0,1
1032.0,2
1033.0,5
1034.0,8
1035.0,0
1036.0,6
1037.0,2
1038.0,1
1039.0,1
1040.0,1
1041.0,1
1042.0,5
1043.0,3
1044.0,4
1045.0,8
1046.0,9
1047.0,5
1048.0,0
1049.0,9
1050.0,2
1051.0,2
1052.0,4
1053.0,8
1054.0,2
1055.0,1
1056.0,7
1057.0,2
1058.0,4
1059.0,9
1060.0,4
1061.0,4
1062.0,0
1063.0,3
1064.0,9
1065.0,2
1066.0,2
1067.0,3
1068.0,3
1069.0,8
1070.0,3
1071.0,5
1072.0,7
1073.0,3
1074.0,5
1075.0,8
1076.0,1
1077.0,2
1078.0,4
1079.0,4
1080.0,6
1081.0,4
1082.0,9
1083.0,5
1084.0,1
1085.0,0
1086.0,6
1087.0,9
1088.0,5
1089.0,9
1090.0,5
1091.0,9
1092.0,7
1093.0,3
1094.0,8
1095.0,0
1096.0,3
1097.0,7
1098.0,1
1099.0,3
1100.0,6
1101.0,7
1102.0,8
1103.0,5
1104.0,9
1105.0,7
1106.0,9
1107.0,6
1108.0,9
1109.0,6
1110.0,3
1111.0,7
1112.0,4
1113.0,4
1114.0,5
1115.0,8
1116.0,5
1117.0,4
1118.0,7
1119.0,8
1120.0,7
1121.0,8
1122.0,0
1123.0,7
1124.0,6
1125.0,8
1126.0,8
1127.0,7
1128.0,3
1129.0,3
1130.0,1
1131.0,9
1132.0,5
1133.0,2
1134.0,7
1135.0,3
1136.0,5
1137.0,1
1138.0,1
1139.0,2
1140.0,1
1141.0,4
1142.0,7
1143.0,4
1144.0,7
1145.0,5
1146.0,4
1147.0,5
1148.0,4
1149.0,0
1150.0,8
1151.0,3
1152.0,6
1153.0,9
1154.0,6
1155.0,0
1156.0,2
1157.0,7
1158.0,4
1159.0,4
1160.0,4
1161.0,4
1162.0,6
1163.0,6
1164.0,4
1165.0,7
1166.0,9
1167.0,3
1168.0,4
1169.0,5
1170.0,5
1171.0,8
1172.0,7
1173.0,3
1174.0,7
1175.0,2
1176.0,7
1177.0,0
1178.0,2
1179.0,4
1180.0,1
1181.0,1
1182.0,6
1183.0,8
1184.0,9
1185.0,2
1186.0,8
1187.0,7
1188.0,2
1189.0,0
1190.0,1
1191.0,5
1192.0,0
1193.0,9
1194.0,1
1195.0,7
1196.0,0
1197.0,6
1198.0,0
1199.0,8
1200.0,6
1201.0,8
1202.0,1
1203.0,8
1204.0,0
1205.0,3
1206.0,3
1207.0,7
1208.0,2
1209.0,3
1210.0,6
1211.0,2
1212.0,1
1213.0,6
1214.0,1
1215.0,1
1216.0,3
1217.0,7
1218.0,9
1219.0,0
1220.0,8
1221.0,0
1222.0,5
1223.0,4
1224.0,0
1225.0,2
1226.0,8
1227.0,2
1228.0,2
1229.0,9
1230.0,8
1231.0,4
1232.0,0
1233.0,4
1234.0,5
1235.0,8
1236.0,5
1237.0,1
1238.0,2
1239.0,1
1240.0,3
1241.0,1
1242.0,7
1243.0,4
1244.0,5
1245.0,7
1246.0,2
1247.0,0
1248.0,9
1249.0,8
1250.0,8
1251.0,6
1252.0,2
1253.0,5
1254.0,4
1255.0,1
1256.0,9
1257.0,2
1258.0,1
1259.0,5
1260.0,8
1261.0,7
1262.0,0
1263.0,2
1264.0,4
1265.0,4
1266.0,3
1267.0,6
1268.0,8
1269.0,8
1270.0,2
1271.0,4
1272.0,0
1273.0,5
1274.0,0
1275.0,4
1276.0,4
1277.0,7
1278.0,9
1279.0,3
1280.0,4
1281.0,1
1282.0,5
1283.0,9
1284.0,7
1285.0,3
1286.0,5
1287.0,8
1288.0,8
1289.0,0
1290.0,5
1291.0,3
1292.0,3
1293.0,6
1294.0,6
1295.0,0
1296.0,1
1297.0,6
1298.0,0
1299.0,3
1300.0,5
1301.0,4
1302.0,4
1303.0,1
1304.0,2
1305.0,9
1306.0,1
1307.0,4
1308.0,6
1309.0,9
1310.0,9
1311.0,3
1312.0,9
1313.0,8
1314.0,4
1315.0,4
1316.0,3
1317.0,1
1318.0,3
1319.0,1
1320.0,8
1321.0,8
1322.0,7
1323.0,9
1324.0,4
1325.0,8
1326.0,8
1327.0,7
1328.0,9
1329.0,7
1330.0,1
1331.0,4
1332.0,5
1333.0,6
1334.0,0
1335.0,5
1336.0,2
1337.0,2
1338.0,2
1339.0,1
1340.0,5
1341.0,5
1342.0,2
1343.0,4
1344.0,9
1345.0,6
1346.0,2
1347.0,7
1348.0,7
1349.0,2
1350.0,2
1351.0,1
1352.0,1
1353.0,2
1354.0,8
1355.0,3
1356.0,7
1357.0,2
1358.0,4
1359.0,1
1360.0,7
1361.0,1
1362.0,7
1363.0,6
1364.0,7
1365.0,8
1366.0,2
1367.0,7
1368.0,3
1369.0,1
1370.0,7
1371.0,5
1372.0,8
1373.0,2
1374.0,6
1375.0,2
1376.0,2
1377.0,5
1378.0,6
1379.0,5
1380.0,0
1381.0,9
1382.0,2
1383.0,4
1384.0,3
1385.0,3
1386.0,9
1387.0,7
1388.0,6
1389.0,6
1390.0,8
1391.0,0
1392.0,4
1393.0,1
1394.0,5
1395.0,8
1396.0,2
1397.0,9
1398.0,1
1399.0,8
1400.0,0
1401.0,6
1402.0,7
1403.0,2
1404.0,6
1405.0,0
1406.0,5
1407.0,5
1408.0,2
1409.0,0
1410.0,2
1411.0,2
1412.0,0
1413.0,2
1414.0,4
1415.0,9
1416.0,8
1417.0,0
1418.0,9
1419.0,9
1420.0,4
1421.0,6
1422.0,5
1423.0,4
1424.0,9
1425.0,1
1426.0,8
1427.0,3
1428.0,4
1429.0,9
1430.0,9
1431.0,1
1432.0,2
1433.0,2
1434.0,8
1435.0,1
1436.0,9
1437.0,6
1438.0,4
1439.0,0
1440.0,9
1441.0,4
1442.0,8
1443.0,3
1444.0,8
1445.0,6
1446.0,0
1447.0,2
1448.0,5
1449.0,1
1450.0,9
1451.0,6
1452.0,2
1453.0,9
1454.0,4
1455.0,0
1456.0,9
1457.0,6
1458.0,0
1459.0,6
1460.0,3
1461.0,5
1462.0,4
1463.0,2
1464.0,3
1465.0,8
1466.0,4
1467.0,5
1468.0,5
1469.0,0
1470.0,3
1471.0,8
1472.0,5
1473.0,3
1474.0,5
1475.0,8
1476.0,6
1477.0,5
1478.0,7
1479.0,6
1480.0,3
1481.0,3
1482.0,9
1483.0,6
1484.0,1
1485.0,1
1486.0,2
1487.0,9
1488.0,0
1489.0,4
1490.0,3
1491.0,3
1492.0,6
1493.0,9
1494.0,5
1495.0,7
1496.0,3
1497.0,7
1498.0,7
1499.0,7
1500.0,8
1501.0,7
1502.0,9
1503.0,8
1504.0,3
1505.0,0
1506.0,7
1507.0,2
1508.0,7
1509.0,9
1510.0,4
1511.0,5
1512.0,4
1513.0,9
1514.0,3
1515.0,2
1516.0,1
1517.0,4
1518.0,0
1519.0,2
1520.0,3
1521.0,7
1522.0,5
1523.0,9
1524.0,8
1525.0,8
1526.0,5
1527.0,0
1528.0,1
1529.0,1
1530.0,4
1531.0,8
1532.0,3
1533.0,9
1534.0,0
1535.0,0
1536.0,0
1537.0,6
1538.0,6
1539.0,2
1540.0,3
1541.0,7
1542.0,8
1543.0,4
1544.0,7
1545.0,7
1546.0,9
1547.0,2
1548.0,4
1549.0,1
1550.0,4
1551.0,5
1552.0,2
1553.0,4
1554.0,9
1555.0,9
1556.0,1
1557.0,8
1558.0,4
1559.0,0
1560.0,9
1561.0,8
1562.0,4
1563.0,8
1564.0,7
1565.0,7
1566.0,0
1567.0,7
1568.0,8
1569.0,8
1570.0,6
1571.0,0
1572.0,4
1573.0,8
1574.0,8
1575.0,2
1576.0,4
1577.0,7
1578.0,6
1579.0,6
1580.0,6
1581.0,4
1582.0,7
1583.0,1
1584.0,8
1585.0,8
1586.0,2
1587.0,3
1588.0,6
1589.0,3
1590.0,0
1591.0,0
1592.0,3
1593.0,7
1594.0,6
1595.0,9
1596.0,7
1597.0,9
1598.0,9
1599.0,5
1600.0,4
1601.0,3
1602.0,3
1603.0,6
1604.0,1
1605.0,2
1606.0,3
1607.0,7
1608.0,3
1609.0,3
1610.0,2
1611.0,0
1612.0,5
1613.0,3
1614.0,8
1615.0,4
1616.0,3
1617.0,6
1618.0,3
1619.0,5
1620.0,0
1621.0,2
1622.0,0
1623.0,9
1624.0,0
1625.0,7
1626.0,4
1627.0,6
1628.0,9
1629.0,3
1630.0,5
1631.0,1
1632.0,9
1633.0,6
1634.0,1
1635.0,4
1636.0,5
1637.0,4
1638.0,5
1639.0,0
1640.0,5
1641.0,9
1642.0,5
1643.0,2
1644.0,1
1645.0,2
1646.0,9
1647.0,1
1648.0,9
1649.0,9
1650.0,4
1651.0,0
1652.0,8
1653.0,4
1654.0,5
1655.0,2
1656.0,9
1657.0,2
1658.0,1
1659.0,2
1660.0,1
1661.0,7
1662.0,3
1663.0,6
1664.0,8
1665.0,8
1666.0,4
1667.0,9
1668.0,1
1669.0,9
1670.0,8
1671.0,5
1672.0,7
1673.0,5
1674.0,1
1675.0,1
1676.0,8
1677.0,6
1678.0,5
1679.0,2
1680.0,4
1681.0,4
1682.0,3
1683.0,2
1684.0,3
1685.0,5
1686.0,6
1687.0,8
1688.0,8
1689.0,6
1690.0,2
1691.0,3
1692.0,1
1693.0,0
1694.0,5
1695.0,8
1696.0,9
1697.0,2
1698.0,9
1699.0,6
1700.0,7
1701.0,0
1702.0,4
1703.0,8
1704.0,7
1705.0,1
1706.0,7
1707.0,4
1708.0,1
1709.0,0
1710.0,9
1711.0,7
1712.0,2
1713.0,0
1714.0,0
1715.0,9
1716.0,1
1717.0,7
1718.0,8
1719.0,7
1720.0,8
1721.0,4
1722.0,7
1723.0,2
1724.0,0
1725.0,4
1726.0,6
1727.0,0
1728.0,3
1729.0,1
1730.0,1
1731.0,3
1732.0,3
1733.0,9
1734.0,6
1735.0,7
1736.0,4
1737.0,1
1738.0,5
1739.0,3
1740.0,0
1741.0,8
1742.0,7
1743.0,3
1744.0,9
1745.0,6
1746.0,9
1747.0,3
1748.0,5
1749.0,0
1750.0,2
1751.0,7
1752.0,4
1753.0,5
1754.0,1
1755.0,7
1756.0,5
1757.0,8
1758.0,0
1759.0,8
1760.0,8
1761.0,1
1762.0,5
1763.0,0
1764.0,3
1765.0,0
1766.0,3
1767.0,1
1768.0,4
1769.0,0
1770.0,3
1771.0,7
1772.0,2
1773.0,7
1774.0,1
1775.0,8
1776.0,0
1777.0,7
1778.0,0
1779.0,4
1780.0,3
1781.0,1
1782.0,9
1783.0,8
1784.0,7
1785.0,7
1786.0,1
1787.0,4
1788.0,9
1789.0,9
1790.0,3
1791.0,2
1792.0,1
1793.0,7
1794.0,9
1795.0,0
1796.0,2
1797.0,0
1798.0,3
1799.0,3
1800.0,7
1801.0,6
1802.0,9
1803.0,2
1804.0,3
1805.0,3
1806.0,7
1807.0,7
1808.0,0
1809.0,0
1810.0,7
1811.0,5
1812.0,2
1813.0,9
1814.0,8
1815.0,7
1816.0,4
1817.0,4
1818.0,2
1819.0,6
1820.0,6
1821.0,1
1822.0,9
1823.0,6
1824.0,8
1825.0,2
1826.0,9
1827.0,0
1828.0,8
1829.0,3
1830.0,1
1831.0,1
1832.0,6
1833.0,3
1834.0,5
1835.0,1
1836.0,1
1837.0,1
1838.0,3
1839.0,1
1840.0,2
1841.0,3
1842.0,0
1843.0,2
1844.0,0
1845.0,1
1846.0,3
1847.0,5
1848.0,5
1849.0,7
1850.0,4
1851.0,8
1852.0,9
1853.0,6
1854.0,9
1855.0,6
1856.0,8
1857.0,3
1858.0,6
1859.0,6
1860.0,8
1861.0,5
1862.0,1
1863.0,4
1864.0,2
1865.0,4
1866.0,4
1867.0,5
1868.0,1
1869.0,1
1870.0,9
1871.0,0
1872.0,2
1873.0,4
1874.0,9
1875.0,5
1876.0,7
1877.0,1
1878.0,8
1879.0,8
1880.0,5
1881.0,6
1882.0,9
1883.0,8
1884.0,7
1885.0,1
1886.0,1
1887.0,6
1888.0,7
1889.0,6
1890.0,3
1891.0,2
1892.0,2
1893.0,0
1894.0,8
1895.0,9
1896.0,2
1897.0,5
1898.0,1
1899.0,0
1900.0,8
1901.0,4
1902.0,4
1903.0,5
1904.0,7
1905.0,9
1906.0,6
1907.0,9
1908.0,0
1909.0,6
1910.0,1
1911.0,5
1912.0,5
1913.0,8
1914.0,3
1915.0,8
1916.0,2
1917.0,6
1918.0,5
1919.0,0
1920.0,7
1921.0,4
1922.0,6
1923.0,1
1924.0,3
1925.0,4
1926.0,7
1927.0,3
1928.0,2
1929.0,3
1930.0,4
1931.0,2
1932.0,5
1933.0,2
1934.0,7
1935.0,1
1936.0,7
1937.0,2
1938.0,6
1939.0,4
1940.0,1
1941.0,5
1942.0,7
1943.0,8
1944.0,6
1945.0,0
1946.0,1
1947.0,8
1948.0,2
1949.0,5
1950.0,7
1951.0,7
1952.0,6
1953.0,9
1954.0,3
1955.0,5
1956.0,8
1957.0,4
1958.0,2
1959.0,4
1960.0,0
1961.0,8
1962.0,8
1963.0,3
1964.0,4
1965.0,9
1966.0,2
1967.0,7
1968.0,5
1969.0,8
1970.0,6
1971.0,5
1972.0,6
1973.0,0
1974.0,8
1975.0,6
1976.0,7
1977.0,3
1978.0,6
1979.0,4
1980.0,9
1981.0,4
1982.0,6
1983.0,6
1984.0,3
1985.0,2
1986.0,4
1987.0,1
1988.0,0
1989.0,1
1990.0,4
1991.0,6
1992.0,2
1993.0,9
1994.0,1
1995.0,1
1996.0,0
1997.0,6
1998.0,3
1999.0,9
2000.0,5
2001.0,6
2002.0,5
2003.0,6
2004.0,5
2005.0,8
2006.0,4
2007.0,6
2008.0,4
2009.0,3
2010.0,9
2011.0,1
2012.0,3
2013.0,4
2014.0,1
2015.0,9
2016.0,1
2017.0,7
2018.0,1
2019.0,7
2020.0,9
2021.0,3
2022.0,5
2023.0,4
2024.0,0
2025.0,7
2026.0,3
2027.0,6
2028.0,1
2029.0,7
2030.0,5
2031.0,5
2032.0,3
2033.0,3
2034.0,0
2035.0,1
2036.0,3
2037.0,7
2038.0,5
2039.0,8
2040.0,6
2041.0,5
2042.0,1
2043.0,0
2044.0,8
2045.0,2
2046.0,3
2047.0,4
2048.0,6
2049.0,7
2050.0,9
2051.0,8
2052.0,1
2053.0,8
2054.0,4
2055.0,9
2056.0,2
2057.0,8
2058.0,6
2059.0,2
2060.0,7
2061.0,0
2062.0,0
2063.0,6
2064.0,7
2065.0,5
2066.0,8
2067.0,6
2068.0,0
2069.0,9
2070.0,3
2071.0,9
2072.0,1
2073.0,3
2074.0,5
2075.0,4
2076.0,3
2077.0,3
2078.0,5
2079.0,5
2080.0,6
2081.0,3
2082.0,0
2083.0,2
2084.0,3
2085.0,4
2086.0,2
2087.0,3
2088.0,0
2089.0,9
2090.0,9
2091.0,4
2092.0,7
2093.0,2
2094.0,8
2095.0,4
2096.0,7
2097.0,0
2098.0,6
2099.0,0
2100.0,8
2101.0,5
2102.0,2
2103.0,8
2104.0,5
2105.0,7
2106.0,3
2107.0,0
2108.0,8
2109.0,2
2110.0,3
2111.0,2
2112.0,8
2113.0,2
2114.0,5
2115.0,5
2116.0,7
2117.0,6
2118.0,4
2119.0,6
2120.0,8
2121.0,4
2122.0,8
2123.0,2
2124.0,7
2125.0,4
2126.0,5
2127.0,2
2128.0,0
2129.0,3
2130.0,9
2131.0,9
2132.0,6
2133.0,7
2134.0,2
2135.0,5
2136.0,6
2137.0,1
2138.0,1
2139.0,2
2140.0,3
2141.0,6
2142.0,7
2143.0,8
2144.0,7
2145.0,6
2146.0,4
2147.0,8
2148.0,9
2149.0,4
2150.0,8
2151.0,6
2152.0,3
2153.0,8
2154.0,3
2155.0,1
2156.0,0
2157.0,6
2158.0,2
2159.0,2
2160.0,5
2161.0,6
2162.0,9
2163.0,5
2164.0,8
2165.0,1
2166.0,4
2167.0,1
2168.0,7
2169.0,8
2170.0,4
2171.0,6
2172.0,1
2173.0,8
2174.0,4
2175.0,3
2176.0,1
2177.0,2
2178.0,8
2179.0,0
2180.0,8
2181.0,5
2182.0,9
2183.0,3
2184.0,4
2185.0,2
2186.0,0
2187.0,2
2188.0,7
2189.0,0
2190.0,9
2191.0,0
2192.0,2
2193.0,5
2194.0,7
2195.0,6
2196.0,7
2197.0,9
2198.0,4
2199.0,2
2200.0,6
2201.0,2
2202.0,4
2203.0,4
2204.0,8
2205.0,0
2206.0,4
2207.0,4
2208.0,5
2209.0,8
2210.0,0
2211.0,6
2212.0,8
2213.0,9
2214.0,8
2215.0,5
2216.0,6
2217.0,9
2218.0,0
2219.0,4
2220.0,8
2221.0,7
2222.0,1
2223.0,3
2224.0,4
2225.0,5
2226.0,8
2227.0,0
2228.0,9
2229.0,1
2230.0,3
2231.0,3
2232.0,6
2233.0,9
2234.0,8
2235.0,7
2236.0,1
2237.0,0
2238.0,5
2239.0,7
2240.0,1
2241.0,7
2242.0,5
2243.0,2
2244.0,7
2245.0,9
2246.0,1
2247.0,8
2248.0,5
2249.0,2
2250.0,4
2251.0,9
2252.0,4
2253.0,7
2254.0,2
2255.0,2
2256.0,3
2257.0,4
2258.0,9
2259.0,1
2260.0,9
2261.0,2
2262.0,1
2263.0,7
2264.0,9
2265.0,4
2266.0,4
2267.0,4
2268.0,6
2269.0,7
2270.0,2
2271.0,7
2272.0,8
2273.0,8
2274.0,1
2275.0,9
2276.0,7
2277.0,1
2278.0,1
2279.0,7
2280.0,5
2281.0,5
2282.0,3
2283.0,5
2284.0,1
2285.0,3
2286.0,7
2287.0,6
2288.0,1
2289.0,3
2290.0,8
2291.0,7
2292.0,5
2293.0,9
2294.0,4
2295.0,0
2296.0,0
2297.0,2
2298.0,8
2299.0,8
2300.0,2
2301.0,3
2302.0,7
2303.0,1
2304.0,3
2305.0,0
2306.0,3
2307.0,4
2308.0,4
2309.0,3
2310.0,8
2311.0,9
2312.0,2
2313.0,3
2314.0,9
2315.0,7
2316.0,1
2317.0,1
2318.0,7
2319.0,0
2320.0,4
2321.0,9
2322.0,6
2323.0,5
2324.0,9
2325.0,1
2326.0,7
2327.0,0
2328.0,2
2329.0,0
2330.0,0
2331.0,4
2332.0,6
2333.0,7
2334.0,0
2335.0,7
2336.0,1
2337.0,4
2338.0,6
2339.0,4
2340.0,5
2341.0,4
2342.0,9
2343.0,9
2344.0,1
2345.0,7
2346.0,9
2347.0,5
2348.0,3
2349.0,3
2350.0,8
2351.0,2
2352.0,3
2353.0,6
2354.0,2
2355.0,2
2356.0,1
2357.0,1
2358.0,1
2359.0,1
2360.0,1
2361.0,6
2362.0,9
2363.0,8
2364.0,4
2365.0,3
2366.0,7
2367.0,1
2368.0,6
2369.0,4
2370.0,5
2371.0,0
2372.0,4
2373.0,7
2374.0,4
2375.0,2
2376.0,4
2377.0,0
2378.0,7
2379.0,0
2380.0,1
2381.0,9
2382.0,8
2383.0,8
2384.0,6
2385.0,0
2386.0,0
2387.0,4
2388.0,9
2389.0,6
2390.0,8
2391.0,2
2392.0,2
2393.0,3
2394.0,8
2395.0,4
2396.0,8
2397.0,2
2398.0,2
2399.0,1
2400.0,7
2401.0,5
2402.0,4
2403.0,4
2404.0,0
2405.0,4
2406.0,3
2407.0,9
2408.0,7
2409.0,3
2410.0,1
2411.0,0
2412.0,1
2413.0,2
2414.0,5
2415.0,4
2416.0,2
2417.0,1
2418.0,0
2419.0,1
2420.0,8
2421.0,9
2422.0,1
2423.0,6
2424.0,8
2425.0,3
2426.0,8
2427.0,9
2428.0,3
2429.0,6
2430.0,2
2431.0,8
2432.0,3
2433.0,2
2434.0,2
2435.0,1
2436.0,0
2437.0,4
2438.0,2
2439.0,9
2440.0,2
2441.0,4
2442.0,3
2443.0,7
2444.0,9
2445.0,1
2446.0,5
2447.0,2
2448.0,9
2449.0,9
2450.0,0
2451.0,3
2452.0,8
2453.0,5
2454.0,3
2455.0,6
2456.0,0
2457.0,9
2458.0,4
2459.0,6
2460.0,2
2461.0,5
2462.0,0
2463.0,8
2464.0,7
2465.0,4
2466.0,6
2467.0,6
2468.0,8
2469.0,6
2470.0,6
2471.0,8
2472.0,6
2473.0,9
2474.0,1
2475.0,7
2476.0,2
2477.0,5
2478.0,9
2479.0,9
2480.0,0
2481.0,7
2482.0,2
2483.0,7
2484.0,6
2485.0,7
2486.0,0
2487.0,6
2488.0,5
2489.0,2
2490.0,4
2491.0,7
2492.0,2
2493.0,0
2494.0,9
2495.0,9
2496.0,2
2497.0,2
2498.0,9
2499.0,4
2500.0,4
2501.0,2
2502.0,3
2503.0,3
2504.0,2
2505.0,1
2506.0,7
2507.0,0
2508.0,7
2509.0,6
2510.0,4
2511.0,1
2512.0,3
2513.0,8
2514.0,7
2515.0,4
2516.0,5
2517.0,9
2518.0,2
2519.0,5
2520.0,1
2521.0,8
2522.0,7
2523.0,3
2524.0,7
2525.0,1
2526.0,5
2527.0,5
2528.0,0
2529.0,9
2530.0,1
2531.0,4
2532.0,0
2533.0,6
2534.0,3
2535.0,3
2536.0,6
2537.0,0
2538.0,4
2539.0,9
2540.0,7
2541.0,5
2542.0,1
2543.0,6
2544.0,8
2545.0,9
2546.0,5
2547.0,5
2548.0,7
2549.0,9
2550.0,3
2551.0,8
2552.0,3
2553.0,8
2554.0,1
2555.0,5
2556.0,3
2557.0,5
2558.0,0
2559.0,5
2560.0,5
2561.0,3
2562.0,8
2563.0,6
2564.0,7
2565.0,7
2566.0,7
2567.0,3
2568.0,7
2569.0,0
2570.0,5
2571.0,9
2572.0,0
2573.0,2
2574.0,5
2575.0,5
2576.0,3
2577.0,1
2578.0,7
2579.0,7
2580.0,8
2581.0,6
2582.0,5
2583.0,9
2584.0,3
2585.0,8
2586.0,9
2587.0,5
2588.0,3
2589.0,7
2590.0,9
2591.0,1
2592.0,7
2593.0,0
2594.0,0
2595.0,3
2596.0,7
2597.0,2
2598.0,3
2599.0,8
2600.0,1
2601.0,8
2602.0,6
2603.0,2
2604.0,9
2605.0,5
2606.0,7
2607.0,5
2608.0,7
2609.0,8
2610.0,6
2611.0,2
2612.0,5
2613.0,1
2614.0,4
2615.0,8
2616.0,4
2617.0,5
2618.0,8
2619.0,3
2620.0,0
2621.0,6
2622.0,2
2623.0,7
2624.0,3
2625.0,3
2626.0,2
2627.0,1
2628.0,0
2629.0,7
2630.0,3
2631.0,4
2632.0,0
2633.0,3
2634.0,9
2635.0,3
2636.0,2
2637.0,8
2638.0,9
2639.0,0
2640.0,3
2641.0,8
2642.0,0
2643.0,7
2644.0,6
2645.0,5
2646.0,4
2647.0,7
2648.0,3
2649.0,9
2650.0,0
2651.0,8
2652.0,6
2653.0,2
2654.0,5
2655.0,1
2656.0,1
2657.0,0
2658.0,0
2659.0,4
2660.0,4
2661.0,0
2662.0,1
2663.0,2
2664.0,3
2665.0,2
2666.0,7
2667.0,7
2668.0,8
2669.0,5
2670.0,2
2671.0,5
2672.0,7
2673.0,6
2674.0,9
2675.0,1
2676.0,4
2677.0,1
2678.0,6
2679.0,4
2680.0,2
2681.0,4
2682.0,3
2683.0,5
2684.0,4
2685.0,3
2686.0,9
2687.0,5
2688.0,0
2689.0,1
2690.0,5
2691.0,3
2692.0,8
2693.0,9
2694.0,1
2695.0,9
2696.0,7
2697.0,9
2698.0,5
2699.0,5
2700.0,2
2701.0,7
2702.0,4
2703.0,6
2704.0,0
2705.0,1
2706.0,1
2707.0,1
2708.0,0
2709.0,4
2710.0,4
2711.0,7
2712.0,6
2713.0,3
2714.0,8
2715.0,0
2716.0,4
2717.0,3
2718.0,0
2719.0,6
2720.0,1
2721.0,9
2722.0,6
2723.0,1
2724.0,3
2725.0,8
2726.0,1
2727.0,2
2728.0,5
2729.0,6
2730.0,2
2731.0,7
2732.0,3
2733.0,6
2734.0,0
2735.0,1
2736.0,9
2737.0,7
2738.0,6
2739.0,6
2740.0,8
2741.0,9
2742.0,2
2743.0,9
2744.0,5
2745.0,8
2746.0,3
2747.0,1
2748.0,0
2749.0,0
2750.0,7
2751.0,6
2752.0,6
2753.0,2
2754.0,1
2755.0,6
2756.0,9
2757.0,3
2758.0,1
2759.0,8
2760.0,6
2761.0,9
2762.0,0
2763.0,6
2764.0,0
2765.0,0
2766.0,0
2767.0,6
2768.0,3
2769.0,5
2770.0,8
2771.0,3
2772.0,4
2773.0,5
2774.0,5
2775.0,8
2776.0,5
2777.0,3
2778.0,0
2779.0,4
2780.0,0
2781.0,2
2782.0,9
2783.0,6
2784.0,8
2785.0,2
2786.0,3
2787.0,1
2788.0,2
2789.0,1
2790.0,1
2791.0,5
2792.0,6
2793.0,9
2794.0,8
2795.0,0
2796.0,6
2797.0,6
2798.0,5
2799.0,5
2800.0,3
2801.0,8
2802.0,6
2803.0,2
2804.0,1
2805.0,4
2806.0,5
2807.0,4
2808.0,3
2809.0,7
2810.0,8
2811.0,5
2812.0,0
2813.0,9
2814.0,3
2815.0,5
2816.0,1
2817.0,1
2818.0,0
2819.0,4
2820.0,4
2821.0,7
2822.0,0
2823.0,1
2824.0,4
2825.0,0
2826.0,1
2827.0,6
2828.0,1
2829.0,4
2830.0,5
2831.0,6
2832.0,6
2833.0,5
2834.0,7
2835.0,8
2836.0,4
2837.0,4
2838.0,7
2839.0,2
2840.0,5
2841.0,3
2842.0,7
2843.0,0
2844.0,7
2845.0,7
2846.0,9
2847.0,6
2848.0,4
2849.0,2
2850.0,8
2851.0,5
2852.0,7
2853.0,8
2854.0,3
2855.0,9
2856.0,5
2857.0,8
2858.0,9
2859.0,9
2860.0,8
2861.0,6
2862.0,2
2863.0,8
2864.0,9
2865.0,2
2866.0,3
2867.0,6
2868.0,1
2869.0,1
2870.0,8
2871.0,9
2872.0,3
2873.0,4
2874.0,0
2875.0,7
2876.0,9
2877.0,6
2878.0,4
2879.0,1
2880.0,4
2881.0,1
2882.0,3
2883.0,4
2884.0,9
2885.0,3
2886.0,1
2887.0,4
2888.0,7
2889.0,7
2890.0,4
2891.0,7
2892.0,2
2893.0,9
2894.0,3
2895.0,0
2896.0,8
2897.0,8
2898.0,8
2899.0,4
2900.0,0
2901.0,4
2902.0,4
2903.0,1
2904.0,5
2905.0,2
2906.0,8
2907.0,3
2908.0,4
2909.0,9
2910.0,5
2911.0,2
2912.0,8
2913.0,1
2914.0,5
2915.0,3
2916.0,7
2917.0,9
2918.0,4
2919.0,2
2920.0,5
2921.0,6
2922.0,3
2923.0,5
2924.0,9
2925.0,3
2926.0,5
2927.0,9
2928.0,3
2929.0,1
2930.0,9
2931.0,5
2932.0,3
2933.0,0
2934.0,6
2935.0,9
2936.0,8
2937.0,4
2938.0,0
2939.0,4
2940.0,9
2941.0,2
2942.0,9
2943.0,0
2944.0,1
2945.0,0
2946.0,3
2947.0,1
2948.0,6
2949.0,5
2950.0,8
2951.0,1
2952.0,5
2953.0,3
2954.0,3
2955.0,0
2956.0,3
2957.0,5
2958.0,5
2959.0,9
2960.0,2
2961.0,8
2962.0,7
2963.0,0
2964.0,4
2965.0,9
2966.0,1
2967.0,9
2968.0,7
2969.0,7
2970.0,5
2971.0,5
2972.0,2
2973.0,0
2974.0,9
2975.0,1
2976.0,8
2977.0,6
2978.0,2
2979.0,3
2980.0,9
2981.0,6
2982.0,2
2983.0,1
2984.0,9
2985.0,1
2986.0,3
2987.0,5
2988.0,5
2989.0,0
2990.0,3
2991.0,8
2992.0,3
2993.0,3
2994.0,7
2995.0,6
2996.0,6
2997.0,0
2998.0,1
2999.0,4
3000.0,0
3001.0,6
3002.0,9
3003.0,8
3004.0,1
3005.0,2
3006.0,9
3007.0,9
3008.0,5
3009.0,9
3010.0,7
3011.0,3
3012.0,7
3013.0,8
3014.0,0
3015.0,1
3016.0,3
3017.0,0
3018.0,4
3019.0,6
3020.0,1
3021.0,0
3022.0,2
3023.0,5
3024.0,8
3025.0,4
3026.0,4
3027.0,1
3028.0,1
3029.0,5
3030.0,4
3031.0,6
3032.0,6
3033.0,0
3034.0,6
3035.0,9
3036.0,2
3037.0,6
3038.0,2
3039.0,7
3040.0,1
3041.0,7
3042.0,9
3043.0,4
3044.0,0
3045.0,0
3046.0,3
3047.0,8
3048.0,2
3049.0,2
3050.0,3
3051.0,1
3052.0,6
3053.0,0
3054.0,5
3055.0,7
3056.0,7
3057.0,9
3058.0,2
3059.0,6
3060.0,7
3061.0,9
3062.0,7
3063.0,8
3064.0,6
3065.0,8
3066.0,8
3067.0,4
3068.0,6
3069.0,8
3070.0,4
3071.0,1
3072.0,2
3073.0,8
3074.0,2
3075.0,3
3076.0,9
3077.0,4
3078.0,0
3079.0,3
3080.0,7
3081.0,3
3082.0,2
3083.0,3
3084.0,3
3085.0,7
3086.0,3
3087.0,4
3088.0,0
3089.0,6
3090.0,2
3091.0,0
3092.0,8
3093.0,1
3094.0,5
3095.0,3
3096.0,5
3097.0,4
3098.0,1
3099.0,7
3100.0,1
3101.0,5
3102.0,7
3103.0,5
3104.0,7
3105.0,3
3106.0,2
3107.0,2
3108.0,7
3109.0,3
3110.0,7
3111.0,3
3112.0,7
3113.0,8
3114.0,5
3115.0,4
3116.0,5
3117.0,2
3118.0,5
3119.0,6
3120.0,5
3121.0,3
3122.0,6
3123.0,7
3124.0,4
3125.0,1
3126.0,7
3127.0,1
3128.0,5
3129.0,2
3130.0,3
3131.0,6
3132.0,3
3133.0,1
3134.0,4
3135.0,2
3136.0,6
3137.0,7
3138.0,4
3139.0,3
3140.0,8
3141.0,0
3142.0,6
3143.0,2
3144.0,1
3145.0,6
3146.0,5
3147.0,3
3148.0,9
3149.0,1
3150.0,9
3151.0,3
3152.0,2
3153.0,1
3154.0,8
3155.0,4
3156.0,4
3157.0,6
3158.0,5
3159.0,8
3160.0,6
3161.0,9
3162.0,7
3163.0,7
3164.0,8
3165.0,6
3166.0,9
3167.0,7
3168.0,3
3169.0,9
3170.0,4
3171.0,0
3172.0,5
3173.0,4
3174.0,6
3175.0,4
3176.0,1
3177.0,2
3178.0,3
3179.0,0
3180.0,0
3181.0,2
3182.0,6
3183.0,6
3184.0,5
3185.0,7
3186.0,0
3187.0,8
3188.0,6
3189.0,4
3190.0,7
3191.0,9
3192.0,0
3193.0,7
3194.0,3
3195.0,4
3196.0,2
3197.0,1
3198.0,8
3199.0,8
3200.0,5
3201.0,9
3202.0,2
3203.0,7
3204.0,1
3205.0,8
3206.0,8
3207.0,8
3208.0,2
3209.0,7
3210.0,6
3211.0,0
3212.0,1
3213.0,2
3214.0,7
3215.0,1
3216.0,0
3217.0,8
3218.0,3
3219.0,6
3220.0,0
3221.0,5
3222.0,3
3223.0,6
3224.0,2
3225.0,8
3226.0,9
3227.0,0
3228.0,1
3229.0,4
3230.0,2
3231.0,1
3232.0,1
3233.0,4
3234.0,4
3235.0,4
3236.0,4
3237.0,7
3238.0,1
3239.0,6
3240.0,2
3241.0,9
3242.0,9
3243.0,0
3244.0,0
3245.0,1
3246.0,8
3247.0,8
3248.0,4
3249.0,3
3250.0,4
3251.0,2
3252.0,0
3253.0,6
3254.0,1
3255.0,6
3256.0,1
3257.0,2
3258.0,2
3259.0,2
3260.0,1
3261.0,2
3262.0,3
3263.0,7
3264.0,8
3265.0,1
3266.0,0
3267.0,0
3268.0,2
3269.0,1
3270.0,6
3271.0,6
3272.0,0
3273.0,1
3274.0,6
3275.0,2
3276.0,5
3277.0,1
3278.0,7
3279.0,4
3280.0,8
3281.0,2
3282.0,1
3283.0,4
3284.0,3
3285.0,8
3286.0,3
3287.0,9
3288.0,9
3289.0,9
3290.0,8
3291.0,3
3292.0,4
3293.0,7
3294.0,2
3295.0,7
3296.0,5
3297.0,7
3298.0,0
3299.0,4
3300.0,3
3301.0,3
3302.0,2
3303.0,6
3304.0,7
3305.0,6
3306.0,0
3307.0,0
3308.0,6
3309.0,7
3310.0,7
3311.0,0
3312.0,5
3313.0,5
3314.0,8
3315.0,1
3316.0,0
3317.0,7
3318.0,0
3319.0,2
3320.0,8
3321.0,1
3322.0,5
3323.0,0
3324.0,8
3325.0,8
3326.0,0
3327.0,3
3328.0,2
3329.0,7
3330.0,7
3331.0,2
3332.0,6
3333.0,4
3334.0,7
3335.0,5
3336.0,5
3337.0,5
3338.0,2
3339.0,9
3340.0,2
3341.0,8
3342.0,4
3343.0,6
3344.0,8
3345.0,6
3346.0,5
3347.0,0
3348.0,0
3349.0,8
3350.0,7
3351.0,6
3352.0,1
3353.0,7
3354.0,1
3355.0,1
3356.0,2
3357.0,7
3358.0,4
3359.0,0
3360.0,0
3361.0,7
3362.0,7
3363.0,6
3364.0,3
3365.0,8
3366.0,6
3367.0,4
3368.0,2
3369.0,0
3370.0,9
3371.0,4
3372.0,0
3373.0,5
3374.0,7
3375.0,8
3376.0,2
3377.0,7
3378.0,4
3379.0,7
3380.0,1
3381.0,1
3382.0,3
3383.0,6
3384.0,6
3385.0,2
3386.0,9
3387.0,1
3388.0,9
3389.0,4
3390.0,8
3391.0,3
3392.0,6
3393.0,9
3394.0,5
3395.0,9
3396.0,6
3397.0,2
3398.0,4
3399.0,6
3400.0,7
3401.0,7
3402.0,0
3403.0,6
3404.0,6
3405.0,9
3406.0,4
3407.0,8
3408.0,3
3409.0,5
3410.0,3
3411.0,4
3412.0,9
3413.0,0
3414.0,0
3415.0,5
3416.0,2
3417.0,5
3418.0,0
3419.0,7
3420.0,1
3421.0,1
3422.0,1
3423.0,0
3424.0,7
3425.0,6
3426.0,7
3427.0,9
3428.0,6
3429.0,6
3430.0,4
3431.0,1
3432.0,4
3433.0,3
3434.0,1
3435.0,1
3436.0,2
3437.0,2
3438.0,4
3439.0,1
3440.0,0
3441.0,8
3442.0,7
3443.0,6
3444.0,3
3445.0,4
3446.0,0
3447.0,0
3448.0,6
3449.0,3
3450.0,3
3451.0,0
3452.0,7
3453.0,1
3454.0,7
3455.0,1
3456.0,1
3457.0,3
3458.0,6
3459.0,0
3460.0,9
3461.0,9
3462.0,7
3463.0,5
3464.0,4
3465.0,1
3466.0,4
3467.0,8
3468.0,9
3469.0,5
3470.0,3
3471.0,5
3472.0,1
3473.0,9
3474.0,8
3475.0,2
3476.0,3
3477.0,3
3478.0,9
3479.0,9
3480.0,0
3481.0,1
3482.0,0
3483.0,2
3484.0,9
3485.0,3
3486.0,9
3487.0,3
3488.0,3
3489.0,6
3490.0,2
3491.0,4
3492.0,9
3493.0,8
3494.0,3
3495.0,7
3496.0,4
3497.0,0
3498.0,4
3499.0,7
3500.0,8
3501.0,4
3502.0,9
3503.0,8
3504.0,9
3505.0,9
3506.0,7
3507.0,5
3508.0,9
3509.0,2
3510.0,8
3511.0,2
3512.0,2
3513.0,0
3514.0,2
3515.0,2
3516.0,3
3517.0,8
3518.0,4
3519.0,6
3520.0,8
3521.0,4
3522.0,8
3523.0,2
3524.0,4
3525.0,6
3526.0,7
3527.0,9
3528.0,3
3529.0,3
3530.0,9
3531.0,4
3532.0,3
3533.0,1
3534.0,4
3535.0,8
3536.0,7
3537.0,0
3538.0,5
3539.0,9
3540.0,6
3541.0,0
3542.0,4
3543.0,4
3544.0,4
3545.0,4
3546.0,6
3547.0,1
3548.0,2
3549.0,3
3550.0,3
3551.0,6
3552.0,4
3553.0,5
3554.0,9
3555.0,6
3556.0,8
3557.0,5
3558.0,6
3559.0,5
3560.0,8
3561.0,6
3562.0,4
3563.0,1
3564.0,8
3565.0,6
3566.0,5
3567.0,2
3568.0,8
3569.0,4
3570.0,5
3571.0,5
3572.0,4
3573.0,7
3574.0,7
3575.0,0
3576.0,7
3577.0,8
3578.0,2
3579.0,2
3580.0,3
3581.0,7
3582.0,0
3583.0,1
3584.0,8
3585.0,0
3586.0,7
3587.0,1
3588.0,9
3589.0,8
3590.0,7
3591.0,5
3592.0,5
3593.0,9
3594.0,1
3595.0,7
3596.0,5
3597.0,4
3598.0,9
3599.0,1
3600.0,2
3601.0,2
3602.0,1
3603.0,6
3604.0,6
3605.0,7
3606.0,1
3607.0,1
3608.0,4
3609.0,0
3610.0,7
3611.0,4
3612.0,2
3613.0,4
3614.0,0
3615.0,6
3616.0,4
3617.0,7
3618.0,6
3619.0,9
3620.0,5
3621.0,3
3622.0,4
3623.0,6
3624.0,5
3625.0,0
3626.0,1
3627.0,8
3628.0,8
3629.0,2
3630.0,8
3631.0,3
3632.0,5
3633.0,7
3634.0,8
3635.0,0
3636.0,8
3637.0,5
3638.0,7
3639.0,1
3640.0,1
3641.0,0
3642.0,1
3643.0,3
3644.0,7
3645.0,8
3646.0,5
3647.0,0
3648.0,7
3649.0,1
3650.0,1
3651.0,0
3652.0,1
3653.0,1
3654.0,4
3655.0,5
3656.0,2
3657.0,7
3658.0,6
3659.0,2
3660.0,3
3661.0,0
3662.0,2
3663.0,8
3664.0,5
3665.0,9
3666.0,6
3667.0,9
3668.0,7
3669.0,2
3670.0,1
3671.0,3
3672.0,6
3673.0,4
3674.0,1
3675.0,8
3676.0,2
3677.0,4
3678.0,0
3679.0,5
3680.0,1
3681.0,0
3682.0,2
3683.0,2
3684.0,6
3685.0,4
3686.0,4
3687.0,3
3688.0,9
3689.0,6
3690.0,1
3691.0,6
3692.0,5
3693.0,7
3694.0,9
3695.0,2
3696.0,0
3697.0,2
3698.0,6
3699.0,0
3700.0,1
3701.0,4
3702.0,3
3703.0,5
3704.0,2
3705.0,8
3706.0,8
3707.0,0
3708.0,8
3709.0,8
3710.0,9
3711.0,0
3712.0,9
3713.0,6
3714.0,7
3715.0,6
3716.0,3
3717.0,9
3718.0,3
3719.0,4
3720.0,7
3721.0,7
3722.0,7
3723.0,4
3724.0,9
3725.0,0
3726.0,6
3727.0,4
3728.0,8
3729.0,4
3730.0,2
3731.0,7
3732.0,2
3733.0,8
3734.0,1
3735.0,0
3736.0,0
3737.0,7
3738.0,8
3739.0,3
3740.0,3
3741.0,3
3742.0,1
3743.0,3
3744.0,7
3745.0,6
3746.0,1
3747.0,3
3748.0,1
3749.0,6
3750.0,6
3751.0,5
3752.0,7
3753.0,4
3754.0,7
3755.0,5
3756.0,9
3757.0,5
3758.0,8
3759.0,4
3760.0,9
3761.0,9
3762.0,1
3763.0,8
3764.0,5
3765.0,0
3766.0,1
3767.0,3
3768.0,7
3769.0,0
3770.0,3
3771.0,4
3772.0,8
3773.0,2
3774.0,2
3775.0,0
3776.0,2
3777.0,5
3778.0,1
3779.0,5
3780.0,1
3781.0,4
3782.0,8
3783.0,8
3784.0,9
3785.0,1
3786.0,2
3787.0,1
3788.0,3
3789.0,5
3790.0,1
3791.0,0
3792.0,9
3793.0,4
3794.0,4
3795.0,8
3796.0,3
3797.0,2
3798.0,5
3799.0,9
3800.0,7
3801.0,6
3802.0,6
3803.0,2
3804.0,0
3805.0,0
3806.0,0
3807.0,5
3808.0,8
3809.0,8
3810.0,1
3811.0,5
3812.0,2
3813.0,3
3814.0,8
3815.0,5
3816.0,1
3817.0,8
3818.0,2
3819.0,0
3820.0,4
3821.0,9
3822.0,9
3823.0,6
3824.0,2
3825.0,3
3826.0,3
3827.0,5
3828.0,6
3829.0,4
3830.0,8
3831.0,0
3832.0,9
3833.0,2
3834.0,8
3835.0,3
3836.0,6
3837.0,7
3838.0,5
3839.0,4
3840.0,2
3841.0,9
3842.0,4
3843.0,9
3844.0,1
3845.0,2
3846.0,8
3847.0,6
3848.0,0
3849.0,7
3850.0,0
3851.0,9
3852.0,1
3853.0,1
3854.0,0
3855.0,7
3856.0,5
3857.0,9
3858.0,9
3859.0,1
3860.0,9
3861.0,5
3862.0,9
3863.0,2
3864.0,5
3865.0,0
3866.0,4
3867.0,1
3868.0,0
3869.0,8
3870.0,9
3871.0,0
3872.0,8
3873.0,9
3874.0,8
3875.0,9
3876.0,4
3877.0,2
3878.0,5
3879.0,7
3880.0,9
3881.0,8
3882.0,9
3883.0,8
3884.0,0
3885.0,9
3886.0,9
3887.0,6
3888.0,8
3889.0,9
3890.0,9
3891.0,5
3892.0,9
3893.0,8
3894.0,5
3895.0,1
3896.0,0
3897.0,3
3898.0,3
3899.0,5
3900.0,2
3901.0,1
3902.0,6
3903.0,5
3904.0,0
3905.0,2
3906.0,8
3907.0,1
3908.0,5
3909.0,6
3910.0,2
3911.0,3
3912.0,0
3913.0,2
3914.0,2
3915.0,6
3916.0,4
3917.0,3
3918.0,5
3919.0,5
3920.0,1
3921.0,7
3922.0,2
3923.0,1
3924.0,6
3925.0,9
3926.0,1
3927.0,9
3928.0,9
3929.0,5
3930.0,5
3931.0,1
3932.0,6
3933.0,2
3934.0,2
3935.0,8
3936.0,6
3937.0,7
3938.0,1
3939.0,4
3940.0,6
3941.0,0
3942.0,4
3943.0,0
3944.0,3
3945.0,3
3946.0,2
3947.0,2
3948.0,3
3949.0,6
3950.0,8
3951.0,9
3952.0,8
3953.0,5
3954.0,3
3955.0,8
3956.0,5
3957.0,4
3958.0,5
3959.0,2
3960.0,0
3961.0,5
3962.0,6
3963.0,3
3964.0,2
3965.0,8
3966.0,3
3967.0,9
3968.0,9
3969.0,5
3970.0,7
3971.0,9
3972.0,4
3973.0,6
3974.0,7
3975.0,1
3976.0,3
3977.0,7
3978.0,3
3979.0,6
3980.0,6
3981.0,0
3982.0,9
3983.0,0
3984.0,1
3985.0,9
3986.0,4
3987.0,2
3988.0,8
3989.0,8
3990.0,0
3991.0,1
3992.0,6
3993.0,9
3994.0,7
3995.0,5
3996.0,3
3997.0,4
3998.0,7
3999.0,4
4000.0,9
4001.0,9
4002.0,4
4003.0,3
4004.0,6
4005.0,3
4006.0,1
4007.0,1
4008.0,9
4009.0,6
4010.0,9
4011.0,1
4012.0,8
4013.0,4
4014.0,1
4015.0,1
4016.0,9
4017.0,9
4018.0,4
4019.0,3
4020.0,6
4021.0,8
4022.0,1
4023.0,6
4024.0,0
4025.0,4
4026.0,1
4027.0,3
4028.0,1
4029.0,7
4030.0,4
4031.0,9
4032.0,5
4033.0,1
4034.0,0
4035.0,0
4036.0,1
4037.0,1
4038.0,6
4039.0,2
4040.0,1
4041.0,9
4042.0,8
4043.0,4
4044.0,0
4045.0,3
4046.0,6
4047.0,4
4048.0,9
4049.0,0
4050.0,7
4051.0,1
4052.0,6
4053.0,5
4054.0,7
4055.0,5
4056.0,2
4057.0,5
4058.0,1
4059.0,8
4060.0,5
4061.0,4
4062.0,7
4063.0,0
4064.0,6
4065.0,7
4066.0,0
4067.0,2
4068.0,5
4069.0,8
4070.0,1
4071.0,0
4072.0,4
4073.0,5
4074.0,7
4075.0,1
4076.0,8
4077.0,5
4078.0,1
4079.0,9
4080.0,0
4081.0,0
4082.0,6
4083.0,0
4084.0,7
4085.0,3
4086.0,1
4087.0,8
4088.0,3
4089.0,9
4090.0,7
4091.0,0
4092.0,0
4093.0,8
4094.0,9
4095.0,5
4096.0,9
4097.0,8
4098.0,3
4099.0,2
4100.0,7
4101.0,2
4102.0,9
4103.0,7
4104.0,2
4105.0,1
4106.0,1
4107.0,3
4108.0,7
4109.0,5
4110.0,3
4111.0,1
4112.0,9
4113.0,8
4114.0,2
4115.0,2
4116.0,2
4117.0,8
4118.0,8
4119.0,5
4120.0,7
4121.0,3
4122.0,8
4123.0,9
4124.0,8
4125.0,8
4126.0,6
4127.0,8
4128.0,2
4129.0,3
4130.0,9
4131.0,7
4132.0,5
4133.0,6
4134.0,2
4135.0,9
4136.0,2
4137.0,8
4138.0,8
4139.0,1
4140.0,6
4141.0,8
4142.0,8
4143.0,7
4144.0,9
4145.0,1
4146.0,8
4147.0,0
4148.0,1
4149.0,7
4150.0,2
4151.0,0
4152.0,7
4153.0,5
4154.0,1
4155.0,9
4156.0,0
4157.0,2
4158.0,0
4159.0,9
4160.0,8
4161.0,6
4162.0,2
4163.0,3
4164.0,9
4165.0,3
4166.0,8
4167.0,0
4168.0,2
4169.0,1
4170.0,1
4171.0,1
4172.0,1
4173.0,4
4174.0,2
4175.0,9
4176.0,7
4177.0,7
4178.0,5
4179.0,1
4180.0,1
4181.0,2
4182.0,1
4183.0,9
4184.0,9
4185.0,9
4186.0,1
4187.0,0
4188.0,2
4189.0,0
4190.0,2
4191.0,1
4192.0,1
4193.0,4
4194.0,6
4195.0,4
4196.0,1
4197.0,5
4198.0,4
4199.0,9
4200.0,7
4201.0,7
4202.0,1
4203.0,5
4204.0,6
4205.0,2
4206.0,2
4207.0,2
4208.0,8
4209.0,0
4210.0,6
4211.0,9
4212.0,6
4213.0,1
4214.0,9
4215.0,7
4216.0,7
4217.0,1
4218.0,4
4219.0,8
4220.0,5
4221.0,3
4222.0,4
4223.0,3
4224.0,4
4225.0,9
4226.0,7
4227.0,5
4228.0,0
4229.0,7
4230.0,4
4231.0,8
4232.0,8
4233.0,1
4234.0,5
4235.0,3
4236.0,9
4237.0,5
4238.0,9
4239.0,7
4240.0,6
4241.0,9
4242.0,0
4243.0,3
4244.0,6
4245.0,3
4246.0,9
4247.0,8
4248.0,2
4249.0,2
4250.0,1
4251.0,2
4252.0,8
4253.0,6
4254.0,8
4255.0,5
4256.0,5
4257.0,3
4258.0,9
4259.0,4
4260.0,9
4261.0,2
4262.0,5
4263.0,1
4264.0,5
4265.0,1
4266.0,4
4267.0,4
4268.0,1
4269.0,4
4270.0,4
4271.0,3
4272.0,5
4273.0,9
4274.0,1
4275.0,2
4276.0,2
4277.0,3
4278.0,3
4279.0,0
4280.0,2
4281.0,9
4282.0,0
4283.0,0
4284.0,9
4285.0,9
4286.0,6
4287.0,0
4288.0,9
4289.0,3
4290.0,2
4291.0,8
4292.0,4
4293.0,1
4294.0,9
4295.0,9
4296.0,7
4297.0,2
4298.0,7
4299.0,9
4300.0,9
4301.0,5
4302.0,9
4303.0,5
4304.0,1
4305.0,1
4306.0,8
4307.0,3
4308.0,5
4309.0,1
4310.0,9
4311.0,5
4312.0,3
4313.0,5
4314.0,4
4315.0,9
4316.0,5
4317.0,9
4318.0,3
4319.0,1
4320.0,9
4321.0,0
4322.0,9
4323.0,7
4324.0,5
4325.0,4
4326.0,9
4327.0,2
4328.0,0
4329.0,1
4330.0,0
4331.0,5
4332.0,1
4333.0,4
4334.0,9
4335.0,3
4336.0,3
4337.0,6
4338.0,1
4339.0,5
4340.0,2
4341.0,5
4342.0,2
4343.0,2
4344.0,0
4345.0,9
4346.0,2
4347.0,6
4348.0,6
4349.0,0
4350.0,1
4351.0,2
4352.0,0
4353.0,3
4354.0,0
4355.0,2
4356.0,5
4357.0,5
4358.0,7
4359.0,9
4360.0,5
4361.0,5
4362.0,0
4363.0,8
4364.0,9
4365.0,5
4366.0,0
4367.0,3
4368.0,2
4369.0,5
4370.0,9
4371.0,0
4372.0,8
4373.0,8
4374.0,4
4375.0,5
4376.0,8
4377.0,8
4378.0,4
4379.0,5
4380.0,4
4381.0,8
4382.0,5
4383.0,4
4384.0,9
4385.0,2
4386.0,2
4387.0,1
4388.0,2
4389.0,6
4390.0,8
4391.0,8
4392.0,7
4393.0,0
4394.0,3
4395.0,6
4396.0,6
4397.0,4
4398.0,3
4399.0,8
4400.0,8
4401.0,7
4402.0,2
4403.0,2
4404.0,0
4405.0,0
4406.0,9
4407.0,3
4408.0,9
4409.0,9
4410.0,1
4411.0,9
4412.0,8
4413.0,6
4414.0,6
4415.0,4
4416.0,2
4417.0,6
4418.0,9
4419.0,2
4420.0,8
4421.0,5
4422.0,4
4423.0,5
4424.0,7
4425.0,9
4426.0,9
4427.0,9
4428.0,2
4429.0,1
4430.0,8
4431.0,3
4432.0,4
4433.0,0
4434.0,7
4435.0,8
4436.0,3
4437.0,9
4438.0,3
4439.0,4
4440.0,6
4441.0,5
4442.0,6
4443.0,2
4444.0,3
4445.0,9
4446.0,2
4447.0,6
4448.0,0
4449.0,0
4450.0,6
4451.0,1
4452.0,2
4453.0,8
4454.0,7
4455.0,9
4456.0,8
4457.0,2
4458.0,0
4459.0,4
4460.0,7
4461.0,7
4462.0,5
4463.0,0
4464.0,5
4465.0,6
4466.0,4
4467.0,6
4468.0,7
4469.0,4
4470.0,3
4471.0,0
4472.0,7
4473.0,5
4474.0,0
4475.0,7
4476.0,4
4477.0,2
4478.0,0
4479.0,8
4480.0,9
4481.0,9
4482.0,4
4483.0,2
4484.0,4
4485.0,6
4486.0,7
4487.0,8
4488.0,7
4489.0,6
4490.0,9
4491.0,4
4492.0,1
4493.0,3
4494.0,7
4495.0,3
4496.0,0
4497.0,8
4498.0,8
4499.0,7
4500.0,6
4501.0,9
4502.0,3
4503.0,9
4504.0,2
4505.0,2
4506.0,9
4507.0,2
4508.0,1
4509.0,8
4510.0,3
4511.0,2
4512.0,9
4513.0,6
4514.0,8
4515.0,4
4516.0,0
4517.0,1
4518.0,2
4519.0,8
4520.0,4
4521.0,5
4522.0,2
4523.0,7
4524.0,8
4525.0,1
4526.0,1
4527.0,3
4528.0,0
4529.0,3
4530.0,5
4531.0,7
4532.0,0
4533.0,3
4534.0,1
4535.0,9
4536.0,3
4537.0,6
4538.0,3
4539.0,1
4540.0,7
4541.0,7
4542.0,3
4543.0,0
4544.0,8
4545.0,4
4546.0,8
4547.0,2
4548.0,6
4549.0,5
4550.0,2
4551.0,9
4552.0,7
4553.0,3
4554.0,9
4555.0,0
4556.0,9
4557.0,9
4558.0,6
4559.0,4
4560.0,2
4561.0,9
4562.0,7
4563.0,2
4564.0,1
4565.0,1
4566.0,6
4567.0,7
4568.0,4
4569.0,7
4570.0,5
4571.0,9
4572.0,8
4573.0,8
4574.0,2
4575.0,1
4576.0,4
4577.0,4
4578.0,5
4579.0,7
4580.0,6
4581.0,1
4582.0,3
4583.0,2
4584.0,5
4585.0,9
4586.0,9
4587.0,3
4588.0,6
4589.0,1
4590.0,1
4591.0,4
4592.0,6
4593.0,9
4594.0,7
4595.0,2
4596.0,1
4597.0,5
4598.0,1
4599.0,4
4600.0,6
4601.0,3
4602.0,8
4603.0,1
4604.0,1
4605.0,0
4606.0,3
4607.0,1
4608.0,6
4609.0,8
4610.0,4
4611.0,9
4612.0,0
4613.0,7
4614.0,3
4615.0,0
4616.0,2
4617.0,9
4618.0,0
4619.0,6
4620.0,6
4621.0,6
4622.0,3
4623.0,6
4624.0,7
4625.0,7
4626.0,2
4627.0,8
4628.0,6
4629.0,0
4630.0,8
4631.0,3
4632.0,0
4633.0,2
4634.0,9
4635.0,8
4636.0,3
4637.0,2
4638.0,5
4639.0,3
4640.0,8
4641.0,8
4642.0,0
4643.0,0
4644.0,1
4645.0,9
4646.0,5
4647.0,1
4648.0,3
4649.0,9
4650.0,6
4651.0,0
4652.0,1
4653.0,4
4654.0,1
4655.0,7
4656.0,1
4657.0,2
4658.0,3
4659.0,7
4660.0,9
4661.0,7
4662.0,4
4663.0,9
4664.0,9
4665.0,3
4666.0,9
4667.0,2
4668.0,8
4669.0,2
4670.0,7
4671.0,1
4672.0,8
4673.0,0
4674.0,9
4675.0,1
4676.0,0
4677.0,1
4678.0,7
4679.0,7
4680.0,9
4681.0,6
4682.0,9
4683.0,9
4684.0,9
4685.0,2
4686.0,1
4687.0,6
4688.0,1
4689.0,3
4690.0,5
4691.0,7
4692.0,1
4693.0,9
4694.0,7
4695.0,6
4696.0,4
4697.0,5
4698.0,7
4699.0,6
4700.0,6
4701.0,9
4702.0,9
4703.0,6
4704.0,3
4705.0,6
4706.0,2
4707.0,9
4708.0,8
4709.0,1
4710.0,2
4711.0,2
4712.0,5
4713.0,5
4714.0,2
4715.0,3
4716.0,7
4717.0,2
4718.0,1
4719.0,0
4720.0,1
4721.0,0
4722.0,4
4723.0,5
4724.0,2
4725.0,8
4726.0,2
4727.0,8
4728.0,3
4729.0,5
4730.0,1
4731.0,7
4732.0,8
4733.0,1
4734.0,1
4735.0,2
4736.0,9
4737.0,7
4738.0,8
4739.0,4
4740.0,0
4741.0,5
4742.0,0
4743.0,7
4744.0,8
4745.0,8
4746.0,4
4747.0,7
4748.0,7
4749.0,8
4750.0,5
4751.0,8
4752.0,4
4753.0,9
4754.0,8
4755.0,1
4756.0,3
4757.0,8
4758.0,0
4759.0,3
4760.0,1
4761.0,7
4762.0,8
4763.0,5
4764.0,5
4765.0,1
4766.0,6
4767.0,5
4768.0,7
4769.0,4
4770.0,9
4771.0,3
4772.0,5
4773.0,4
4774.0,7
4775.0,1
4776.0,2
4777.0,0
4778.0,8
4779.0,1
4780.0,6
4781.0,0
4782.0,7
4783.0,3
4784.0,4
4785.0,7
4786.0,3
4787.0,9
4788.0,6
4789.0,0
4790.0,8
4791.0,6
4792.0,4
4793.0,8
4794.0,7
4795.0,7
4796.0,9
4797.0,3
4798.0,8
4799.0,6
4800.0,9
4801.0,7
4802.0,2
4803.0,3
4804.0,4
4805.0,0
4806.0,2
4807.0,1
4808.0,8
4809.0,5
4810.0,5
4811.0,5
4812.0,7
4813.0,2
4814.0,4
4815.0,6
4816.0,7
4817.0,2
4818.0,8
4819.0,3
4820.0,0
4821.0,8
4822.0,7
4823.0,8
4824.0,9
4825.0,0
4826.0,8
4827.0,4
4828.0,4
4829.0,5
4830.0,8
4831.0,5
4832.0,6
4833.0,6
4834.0,3
4835.0,0
4836.0,9
4837.0,3
4838.0,7
4839.0,6
4840.0,8
4841.0,9
4842.0,3
4843.0,4
4844.0,9
4845.0,5
4846.0,8
4847.0,9
4848.0,1
4849.0,2
4850.0,8
4851.0,8
4852.0,6
4853.0,8
4854.0,1
4855.0,3
4856.0,7
4857.0,9
4858.0,0
4859.0,1
4860.0,1
4861.0,9
4862.0,7
4863.0,0
4864.0,8
4865.0,1
4866.0,7
4867.0,4
4868.0,5
4869.0,7
4870.0,1
4871.0,2
4872.0,1
4873.0,1
4874.0,3
4875.0,9
4876.0,6
4877.0,2
4878.0,1
4879.0,2
4880.0,8
4881.0,0
4882.0,7
4883.0,6
4884.0,6
4885.0,9
4886.0,3
4887.0,7
4888.0,0
4889.0,5
4890.0,2
4891.0,8
4892.0,0
4893.0,5
4894.0,4
4895.0,3
4896.0,8
4897.0,4
4898.0,6
4899.0,6
4900.0,2
4901.0,7
4902.0,9
4903.0,5
4904.0,1
4905.0,3
4906.0,2
4907.0,4
4908.0,3
4909.0,6
4910.0,1
4911.0,9
4912.0,4
4913.0,4
4914.0,7
4915.0,6
4916.0,5
4917.0,4
4918.0,1
4919.0,9
4920.0,9
4921.0,2
4922.0,7
4923.0,8
4924.0,0
4925.0,1
4926.0,3
4927.0,6
4928.0,1
4929.0,3
4930.0,4
4931.0,1
4932.0,1
4933.0,1
4934.0,5
4935.0,6
4936.0,0
4937.0,7
4938.0,0
4939.0,7
4940.0,2
4941.0,3
4942.0,2
4943.0,5
4944.0,2
4945.0,2
4946.0,9
4947.0,4
4948.0,9
4949.0,8
4950.0,1
4951.0,2
4952.0,1
4953.0,6
4954.0,1
4955.0,2
4956.0,7
4957.0,8
4958.0,0
4959.0,0
4960.0,0
4961.0,8
4962.0,2
4963.0,2
4964.0,9
4965.0,2
4966.0,2
4967.0,7
4968.0,9
4969.0,9
4970.0,2
4971.0,7
4972.0,5
4973.0,1
4974.0,3
4975.0,4
4976.0,9
4977.0,4
4978.0,1
4979.0,8
4980.0,5
4981.0,6
4982.0,2
4983.0,8
4984.0,3
4985.0,1
4986.0,2
4987.0,8
4988.0,4
4989.0,9
4990.0,9
4991.0,3
4992.0,7
4993.0,0
4994.0,7
4995.0,7
4996.0,2
4997.0,3
4998.0,2
4999.0,4
5000.0,0
5001.0,3
5002.0,9
5003.0,9
5004.0,8
5005.0,4
5006.0,1
5007.0,0
5008.0,6
5009.0,0
5010.0,9
5011.0,6
5012.0,8
5013.0,6
5014.0,1
5015.0,1
5016.0,9
5017.0,8
5018.0,9
5019.0,2
5020.0,3
5021.0,5
5022.0,5
5023.0,9
5024.0,4
5025.0,2
5026.0,1
5027.0,9
5028.0,4
5029.0,3
5030.0,9
5031.0,6
5032.0,0
5033.0,4
5034.0,0
5035.0,6
5036.0,0
5037.0,1
5038.0,2
5039.0,3
5040.0,4
5041.0,7
5042.0,8
5043.0,9
5044.0,0
5045.0,1
5046.0,2
5047.0,3
5048.0,4
5049.0,7
5050.0,8
5051.0,9
5052.0,0
5053.0,1
5054.0,2
5055.0,3
5056.0,4
5057.0,5
5058.0,6
5059.0,7
5060.0,8
5061.0,9
5062.0,8
5063.0,3
5064.0,4
5065.0,7
5066.0,8
5067.0,6
5068.0,3
5069.0,4
5070.0,0
5071.0,9
5072.0,7
5073.0,1
5074.0,9
5075.0,3
5076.0,8
5077.0,4
5078.0,7
5079.0,3
5080.0,0
5081.0,9
5082.0,1
5083.0,4
5084.0,5
5085.0,4
5086.0,6
5087.0,2
5088.0,0
5089.0,6
5090.0,2
5091.0,1
5092.0,1
5093.0,1
5094.0,1
5095.0,7
5096.0,2
5097.0,4
5098.0,7
5099.0,5
5100.0,2
5101.0,9
5102.0,4
5103.0,5
5104.0,8
5105.0,4
5106.0,2
5107.0,9
5108.0,7
5109.0,0
5110.0,0
5111.0,7
5112.0,5
5113.0,1
5114.0,1
5115.0,7
5116.0,6
5117.0,6
5118.0,6
5119.0,8
5120.0,2
5121.0,2
5122.0,7
5123.0,7
5124.0,4
5125.0,0
5126.0,2
5127.0,4
5128.0,2
5129.0,1
5130.0,8
5131.0,9
5132.0,6
5133.0,1
5134.0,0
5135.0,5
5136.0,9
5137.0,6
5138.0,9
5139.0,8
5140.0,0
5141.0,3
5142.0,0
5143.0,8
5144.0,3
5145.0,9
5146.0,6
5147.0,3
5148.0,0
5149.0,1
5150.0,2
5151.0,3
5152.0,4
5153.0,5
5154.0,6
5155.0,7
5156.0,0
5157.0,1
5158.0,2
5159.0,3
5160.0,4
5161.0,5
5162.0,6
5163.0,7
5164.0,8
5165.0,9
5166.0,0
5167.0,1
5168.0,2
5169.0,3
5170.0,4
5171.0,5
5172.0,6
5173.0,7
5174.0,8
5175.0,5
5176.0,4
5177.0,8
5178.0,7
5179.0,4
5180.0,7
5181.0,7
5182.0,3
5183.0,9
5184.0,8
5185.0,8
5186.0,3
5187.0,1
5188.0,5
5189.0,8
5190.0,2
5191.0,7
5192.0,4
5193.0,2
5194.0,1
5195.0,5
5196.0,4
5197.0,5
5198.0,5
5199.0,8
5200.0,6
5201.0,4
5202.0,4
5203.0,4
5204.0,1
5205.0,8
5206.0,7
5207.0,5
5208.0,5
5209.0,1
5210.0,8
5211.0,9
5212.0,1
5213.0,3
5214.0,6
5215.0,3
5216.0,3
5217.0,2
5218.0,2
5219.0,6
5220.0,9
5221.0,9
5222.0,6
5223.0,5
5224.0,5
5225.0,3
5226.0,3
5227.0,8
5228.0,1
5229.0,6
5230.0,5
5231.0,6
5232.0,8
5233.0,1
5234.0,9
5235.0,7
5236.0,6
5237.0,8
5238.0,3
5239.0,7
5240.0,4
5241.0,7
5242.0,0
5243.0,9
5244.0,0
5245.0,0
5246.0,3
5247.0,7
5248.0,9
5249.0,3
5250.0,0
5251.0,2
5252.0,0
5253.0,1
5254.0,0
5255.0,1
5256.0,0
5257.0,4
5258.0,0
5259.0,1
5260.0,0
5261.0,4
5262.0,7
5263.0,9
5264.0,6
5265.0,2
5266.0,6
5267.0,2
5268.0,2
5269.0,9
5270.0,9
5271.0,0
5272.0,1
5273.0,2
5274.0,3
5275.0,4
5276.0,5
5277.0,6
5278.0,7
5279.0,8
5280.0,9
5281.0,0
5282.0,1
5283.0,2
5284.0,3
5285.0,4
5286.0,5
5287.0,6
5288.0,7
5289.0,8
5290.0,9
5291.0,0
5292.0,1
5293.0,2
5294.0,3
5295.0,4
5296.0,5
5297.0,6
5298.0,7
5299.0,8
5300.0,9
5301.0,8
5302.0,0
5303.0,5
5304.0,6
5305.0,6
5306.0,0
5307.0,8
5308.0,0
5309.0,2
5310.0,3
5311.0,7
5312.0,9
5313.0,4
5314.0,7
5315.0,1
5316.0,9
5317.0,1
5318.0,7
5319.0,1
5320.0,4
5321.0,0
5322.0,0
5323.0,4
5324.0,1
5325.0,7
5326.0,5
5327.0,7
5328.0,1
5329.0,3
5330.0,3
5331.0,3
5332.0,1
5333.0,6
5334.0,9
5335.0,7
5336.0,4
5337.0,3
5338.0,0
5339.0,2
5340.0,5
5341.0,2
5342.0,6
5343.0,0
5344.0,8
5345.0,9
5346.0,4
5347.0,3
5348.0,5
5349.0,4
5350.0,8
5351.0,1
5352.0,5
5353.0,9
5354.0,0
5355.0,6
5356.0,4
5357.0,3
5358.0,6
5359.0,3
5360.0,3
5361.0,8
5362.0,1
5363.0,4
5364.0,7
5365.0,5
5366.0,7
5367.0,2
5368.0,2
5369.0,0
5370.0,0
5371.0,1
5372.0,7
5373.0,7
5374.0,9
5375.0,5
5376.0,9
5377.0,8
5378.0,9
5379.0,6
5380.0,8
5381.0,8
5382.0,2
5383.0,3
5384.0,6
5385.0,1
5386.0,2
5387.0,9
5388.0,8
5389.0,9
5390.0,5
5391.0,2
5392.0,6
5393.0,2
5394.0,4
5395.0,8
5396.0,4
5397.0,6
5398.0,5
5399.0,0
5400.0,1
5401.0,5
5402.0,6
5403.0,7
5404.0,8
5405.0,9
5406.0,0
5407.0,1
5408.0,2
5409.0,3
5410.0,4
5411.0,5
5412.0,6
5413.0,7
5414.0,8
5415.0,9
5416.0,0
5417.0,1
5418.0,2
5419.0,3
5420.0,4
5421.0,5
5422.0,6
5423.0,7
5424.0,8
5425.0,9
5426.0,7
5427.0,4
5428.0,2
5429.0,0
5430.0,9
5431.0,0
5432.0,1
5433.0,5
5434.0,8
5435.0,8
5436.0,0
5437.0,2
5438.0,7
5439.0,8
5440.0,4
5441.0,4
5442.0,6
5443.0,1
5444.0,0
5445.0,4
5446.0,5
5447.0,3
5448.0,9
5449.0,4
5450.0,2
5451.0,0
5452.0,5
5453.0,0
5454.0,1
5455.0,3
5456.0,2
5457.0,9
5458.0,1
5459.0,6
5460.0,0
5461.0,1
5462.0,1
5463.0,8
5464.0,0
5465.0,4
5466.0,7
5467.0,7
5468.0,6
5469.0,3
5470.0,6
5471.0,0
5472.0,7
5473.0,3
5474.0,5
5475.0,4
5476.0,2
5477.0,4
5478.0,1
5479.0,8
5480.0,3
5481.0,5
5482.0,6
5483.0,7
5484.0,0
5485.0,6
5486.0,7
5487.0,1
5488.0,2
5489.0,5
5490.0,8
5491.0,1
5492.0,9
5493.0,3
5494.0,8
5495.0,2
5496.0,8
5497.0,7
5498.0,6
5499.0,7
5500.0,1
5501.0,4
5502.0,6
5503.0,2
5504.0,9
5505.0,3
5506.0,0
5507.0,1
5508.0,2
5509.0,3
5510.0,4
5511.0,5
5512.0,6
5513.0,7
5514.0,0
5515.0,1
5516.0,2
5517.0,3
5518.0,4
5519.0,5
5520.0,0
5521.0,1
5522.0,2
5523.0,8
5524.0,9
5525.0,1
5526.0,4
5527.0,0
5528.0,9
5529.0,5
5530.0,0
5531.0,8
5532.0,0
5533.0,7
5534.0,7
5535.0,1
5536.0,1
5537.0,2
5538.0,9
5539.0,3
5540.0,6
5541.0,7
5542.0,2
5543.0,3
5544.0,8
5545.0,1
5546.0,2
5547.0,9
5548.0,8
5549.0,8
5550.0,7
5551.0,1
5552.0,7
5553.0,1
5554.0,1
5555.0,0
5556.0,3
5557.0,4
5558.0,2
5559.0,6
5560.0,4
5561.0,7
5562.0,4
5563.0,2
5564.0,7
5565.0,4
5566.0,9
5567.0,1
5568.0,0
5569.0,6
5570.0,8
5571.0,5
5572.0,5
5573.0,5
5574.0,3
5575.0,5
5576.0,9
5577.0,7
5578.0,4
5579.0,8
5580.0,5
5581.0,9
5582.0,6
5583.0,9
5584.0,3
5585.0,0
5586.0,3
5587.0,8
5588.0,9
5589.0,1
5590.0,8
5591.0,1
5592.0,6
5593.0,0
5594.0,0
5595.0,1
5596.0,2
5597.0,3
5598.0,4
5599.0,5
5600.0,6
5601.0,7
5602.0,8
5603.0,9
5604.0,0
5605.0,1
5606.0,2
5607.0,3
5608.0,4
5609.0,5
5610.0,6
5611.0,7
5612.0,8
5613.0,9
5614.0,0
5615.0,1
5616.0,2
5617.0,3
5618.0,4
5619.0,5
5620.0,6
5621.0,7
5622.0,8
5623.0,9
5624.0,3
5625.0,5
5626.0,3
5627.0,2
5628.0,9
5629.0,3
5630.0,2
5631.0,1
5632.0,4
5633.0,5
5634.0,5
5635.0,2
5636.0,3
5637.0,2
5638.0,1
5639.0,3
5640.0,9
5641.0,7
5642.0,2
5643.0,1
5644.0,2
5645.0,8
5646.0,9
5647.0,1
5648.0,8
5649.0,8
5650.0,7
5651.0,8
5652.0,1
5653.0,0
5654.0,0
5655.0,2
5656.0,7
5657.0,8
5658.0,7
5659.0,5
5660.0,0
5661.0,6
5662.0,1
5663.0,5
5664.0,7
5665.0,4
5666.0,6
5667.0,1
5668.0,2
5669.0,5
5670.0,0
5671.0,7
5672.0,9
5673.0,9
5674.0,0
5675.0,3
5676.0,8
5677.0,4
5678.0,4
5679.0,8
5680.0,1
5681.0,8
5682.0,6
5683.0,5
5684.0,9
5685.0,0
5686.0,0
5687.0,0
5688.0,3
5689.0,7
5690.0,1
5691.0,6
5692.0,4
5693.0,2
5694.0,6
5695.0,6
5696.0,0
5697.0,4
5698.0,5
5699.0,4
5700.0,1
5701.0,3
5702.0,8
5703.0,6
5704.0,3
5705.0,9
5706.0,9
5707.0,5
5708.0,9
5709.0,3
5710.0,7
5711.0,8
5712.0,5
5713.0,6
5714.0,4
5715.0,7
5716.0,6
5717.0,2
5718.0,2
5719.0,0
5720.0,9
5721.0,4
5722.0,0
5723.0,1
5724.0,2
5725.0,3
5726.0,4
5727.0,5
5728.0,6
5729.0,7
5730.0,8
5731.0,9
5732.0,0
5733.0,1
5734.0,2
5735.0,3
5736.0,5
5737.0,6
5738.0,0
5739.0,1
5740.0,2
5741.0,3
5742.0,4
5743.0,5
5744.0,6
5745.0,8
5746.0,7
5747.0,1
5748.0,3
5749.0,2
5750.0,8
5751.0,0
5752.0,7
5753.0,5
5754.0,9
5755.0,9
5756.0,6
5757.0,0
5758.0,9
5759.0,4
5760.0,1
5761.0,3
5762.0,2
5763.0,1
5764.0,2
5765.0,3
5766.0,8
5767.0,3
5768.0,2
5769.0,6
5770.0,5
5771.0,6
5772.0,8
5773.0,2
5774.0,7
5775.0,4
5776.0,8
5777.0,1
5778.0,8
5779.0,0
5780.0,5
5781.0,3
5782.0,9
5783.0,4
5784.0,1
5785.0,9
5786.0,2
5787.0,1
5788.0,9
5789.0,6
5790.0,7
5791.0,9
5792.0,0
5793.0,4
5794.0,6
5795.0,1
5796.0,7
5797.0,3
5798.0,8
5799.0,7
5800.0,2
5801.0,9
5802.0,6
5803.0,5
5804.0,8
5805.0,3
5806.0,9
5807.0,0
5808.0,5
5809.0,7
5810.0,1
5811.0,6
5812.0,1
5813.0,0
5814.0,9
5815.0,3
5816.0,3
5817.0,4
5818.0,4
5819.0,0
5820.0,6
5821.0,2
5822.0,5
5823.0,4
5824.0,2
5825.0,3
5826.0,4
5827.0,6
5828.0,0
5829.0,0
5830.0,2
5831.0,0
5832.0,1
5833.0,4
5834.0,5
5835.0,6
5836.0,7
5837.0,8
5838.0,9
5839.0,0
5840.0,1
5841.0,2
5842.0,3
5843.0,4
5844.0,5
5845.0,6
5846.0,7
5847.0,8
5848.0,0
5849.0,1
5850.0,2
5851.0,3
5852.0,4
5853.0,5
5854.0,6
5855.0,7
5856.0,8
5857.0,9
5858.0,8
5859.0,7
5860.0,1
5861.0,3
5862.0,7
5863.0,5
5864.0,2
5865.0,8
5866.0,0
5867.0,7
5868.0,5
5869.0,9
5870.0,9
5871.0,0
5872.0,9
5873.0,1
5874.0,1
5875.0,5
5876.0,8
5877.0,8
5878.0,6
5879.0,3
5880.0,2
5881.0,1
5882.0,8
5883.0,3
5884.0,2
5885.0,6
5886.0,5
5887.0,6
5888.0,7
5889.0,4
5890.0,1
5891.0,0
5892.0,5
5893.0,3
5894.0,1
5895.0,9
5896.0,2
5897.0,1
5898.0,9
5899.0,6
5900.0,0
5901.0,4
5902.0,6
5903.0,1
5904.0,7
5905.0,3
5906.0,8
5907.0,7
5908.0,2
5909.0,9
5910.0,6
5911.0,5
5912.0,8
5913.0,3
5914.0,5
5915.0,7
5916.0,1
5917.0,6
5918.0,1
5919.0,0
5920.0,9
5921.0,6
5922.0,2
5923.0,5
5924.0,4
5925.0,2
5926.0,3
5927.0,4
5928.0,4
5929.0,6
5930.0,0
5931.0,0
5932.0,2
5933.0,0
5934.0,1
5935.0,2
5936.0,3
5937.0,4
5938.0,5
5939.0,6
5940.0,7
5941.0,8
5942.0,9
5943.0,0
5944.0,1
5945.0,2
5946.0,3
5947.0,4
5948.0,5
5949.0,6
5950.0,7
5951.0,8
5952.0,9
5953.0,0
5954.0,1
5955.0,2
5956.0,8
5957.0,4
5958.0,5
5959.0,6
5960.0,7
5961.0,8
5962.0,9
5963.0,8
5964.0,6
5965.0,5
5966.0,0
5967.0,6
5968.0,8
5969.0,9
5970.0,4
5971.0,1
5972.0,9
5973.0,5
5974.0,9
5975.0,0
5976.0,4
5977.0,8
5978.0,9
5979.0,1
5980.0,4
5981.0,0
5982.0,5
5983.0,5
5984.0,2
5985.0,1
5986.0,5
5987.0,4
5988.0,0
5989.0,7
5990.0,6
5991.0,0
5992.0,1
5993.0,7
5994.0,0
5995.0,6
5996.0,8
5997.0,9
5998.0,5
5999.0,1
6000.0,7
6001.0,9
6002.0,8
6003.0,6
6004.0,0
6005.0,8
6006.0,1
6007.0,7
6008.0,7
6009.0,1
6010.0,3
6011.0,2
6012.0,3
6013.0,1
6014.0,4
6015.0,2
6016.0,0
6017.0,0
6018.0,7
6019.0,8
6020.0,4
6021.0,6
6022.0,4
6023.0,9
6024.0,3
6025.0,8
6026.0,4
6027.0,7
6028.0,2
6029.0,5
6030.0,6
6031.0,3
6032.0,6
6033.0,9
6034.0,6
6035.0,3
6036.0,2
6037.0,2
6038.0,4
6039.0,6
6040.0,9
6041.0,0
6042.0,2
6043.0,5
6044.0,5
6045.0,1
6046.0,3
6047.0,3
6048.0,9
6049.0,7
6050.0,8
6051.0,7
6052.0,2
6053.0,2
6054.0,5
6055.0,7
6056.0,9
6057.0,8
6058.0,2
6059.0,1
6060.0,3
6061.0,1
6062.0,3
6063.0,0
6064.0,1
6065.0,2
6066.0,8
6067.0,4
6068.0,5
6069.0,6
6070.0,7
6071.0,8
6072.0,9
6073.0,0
6074.0,1
6075.0,2
6076.0,3
6077.0,4
6078.0,5
6079.0,6
6080.0,7
6081.0,8
6082.0,9
6083.0,0
6084.0,1
6085.0,2
6086.0,3
6087.0,4
6088.0,5
6089.0,6
6090.0,7
6091.0,8
6092.0,9
6093.0,1
6094.0,2
6095.0,6
6096.0,5
6097.0,3
6098.0,0
6099.0,7
6100.0,0
6101.0,4
6102.0,1
6103.0,4
6104.0,3
6105.0,6
6106.0,7
6107.0,2
6108.0,3
6109.0,1
6110.0,2
6111.0,1
6112.0,2
6113.0,9
6114.0,6
6115.0,0
6116.0,1
6117.0,3
6118.0,0
6119.0,2
6120.0,7
6121.0,5
6122.0,7
6123.0,6
6124.0,2
6125.0,9
6126.0,1
6127.0,9
6128.0,0
6129.0,6
6130.0,0
6131.0,6
6132.0,0
6133.0,2
6134.0,0
6135.0,6
6136.0,1
6137.0,5
6138.0,8
6139.0,4
6140.0,3
6141.0,0
6142.0,1
6143.0,5
6144.0,4
6145.0,4
6146.0,8
6147.0,5
6148.0,7
6149.0,5
6150.0,7
6151.0,8
6152.0,3
6153.0,4
6154.0,8
6155.0,8
6156.0,5
6157.0,2
6158.0,9
6159.0,7
6160.0,1
6161.0,3
6162.0,8
6163.0,1
6164.0,0
6165.0,7
6166.0,5
6167.0,9
6168.0,6
6169.0,9
6170.0,4
6171.0,7
6172.0,7
6173.0,9
6174.0,9
6175.0,3
6176.0,4
6177.0,4
6178.0,3
6179.0,8
6180.0,6
6181.0,2
6182.0,0
6183.0,1
6184.0,2
6185.0,3
6186.0,4
6187.0,5
6188.0,6
6189.0,7
6190.0,8
6191.0,9
6192.0,0
6193.0,1
6194.0,2
6195.0,3
6196.0,4
6197.0,5
6198.0,6
6199.0,7
6200.0,8
6201.0,9
6202.0,0
6203.0,1
6204.0,2
6205.0,3
6206.0,4
6207.0,5
6208.0,6
6209.0,7
6210.0,8
6211.0,9
6212.0,0
6213.0,8
6214.0,3
6215.0,9
6216.0,5
6217.0,5
6218.0,2
6219.0,6
6220.0,8
6221.0,4
6222.0,9
6223.0,1
6224.0,7
6225.0,1
6226.0,2
6227.0,3
6228.0,5
6229.0,9
6230.0,6
6231.0,9
6232.0,1
6233.0,1
6234.0,1
6235.0,2
6236.0,9
6237.0,5
6238.0,6
6239.0,8
6240.0,1
6241.0,2
6242.0,0
6243.0,7
6244.0,7
6245.0,5
6246.0,8
6247.0,2
6248.0,9
6249.0,8
6250.0,9
6251.0,0
6252.0,4
6253.0,6
6254.0,7
6255.0,1
6256.0,3
6257.0,4
6258.0,5
6259.0,6
6260.0,0
6261.0,3
6262.0,6
6263.0,8
6264.0,7
6265.0,0
6266.0,4
6267.0,2
6268.0,7
6269.0,4
6270.0,7
6271.0,5
6272.0,4
6273.0,3
6274.0,4
6275.0,2
6276.0,8
6277.0,1
6278.0,5
6279.0,1
6280.0,2
6281.0,0
6282.0,2
6283.0,5
6284.0,6
6285.0,4
6286.0,3
6287.0,0
6288.0,0
6289.0,0
6290.0,3
6291.0,3
6292.0,5
6293.0,7
6294.0,0
6295.0,6
6296.0,4
6297.0,8
6298.0,8
6299.0,6
6300.0,3
6301.0,4
6302.0,6
6303.0,9
6304.0,9
6305.0,8
6306.0,2
6307.0,7
6308.0,7
6309.0,1
6310.0,0
6311.0,1
6312.0,2
6313.0,3
6314.0,4
6315.0,5
6316.0,6
6317.0,7
6318.0,8
6319.0,9
6320.0,0
6321.0,1
6322.0,2
6323.0,3
6324.0,4
6325.0,5
6326.0,6
6327.0,7
6328.0,8
6329.0,0
6330.0,1
6331.0,2
6332.0,3
6333.0,4
6334.0,5
6335.0,6
6336.0,7
6337.0,8
6338.0,2
6339.0,1
6340.0,7
6341.0,2
6342.0,5
6343.0,0
6344.0,8
6345.0,0
6346.0,2
6347.0,7
6348.0,8
6349.0,8
6350.0,3
6351.0,6
6352.0,0
6353.0,2
6354.0,7
6355.0,6
6356.0,6
6357.0,1
6358.0,2
6359.0,8
6360.0,8
6361.0,7
6362.0,7
6363.0,4
6364.0,7
6365.0,7
6366.0,3
6367.0,7
6368.0,4
6369.0,5
6370.0,4
6371.0,3
6372.0,3
6373.0,8
6374.0,4
6375.0,1
6376.0,1
6377.0,9
6378.0,7
6379.0,4
6380.0,3
6381.0,7
6382.0,3
6383.0,3
6384.0,0
6385.0,2
6386.0,5
6387.0,5
6388.0,6
6389.0,6
6390.0,3
6391.0,5
6392.0,2
6393.0,5
6394.0,9
6395.0,9
6396.0,8
6397.0,4
6398.0,1
6399.0,0
6400.0,6
6401.0,0
6402.0,9
6403.0,6
6404.0,8
6405.0,8
6406.0,5
6407.0,6
6408.0,1
6409.0,1
6410.0,9
6411.0,8
6412.0,9
6413.0,2
6414.0,3
6415.0,5
6416.0,5
6417.0,9
6418.0,4
6419.0,2
6420.0,1
6421.0,9
6422.0,3
6423.0,9
6424.0,2
6425.0,0
6426.0,6
6427.0,0
6428.0,4
6429.0,0
6430.0,0
6431.0,1
6432.0,2
6433.0,3
6434.0,4
6435.0,7
6436.0,8
6437.0,9
6438.0,0
6439.0,1
6440.0,2
6441.0,3
6442.0,7
6443.0,8
6444.0,9
6445.0,0
6446.0,1
6447.0,2
6448.0,3
6449.0,4
6450.0,7
6451.0,8
6452.0,9
6453.0,7
6454.0,3
6455.0,0
6456.0,3
6457.0,1
6458.0,8
6459.0,7
6460.0,6
6461.0,4
6462.0,0
6463.0,2
6464.0,6
6465.0,8
6466.0,3
6467.0,2
6468.0,8
6469.0,1
6470.0,2
6471.0,0
6472.0,7
6473.0,1
6474.0,0
6475.0,4
6476.0,4
6477.0,5
6478.0,8
6479.0,0
6480.0,6
6481.0,2
6482.0,3
6483.0,1
6484.0,5
6485.0,1
6486.0,8
6487.0,5
6488.0,9
6489.0,4
6490.0,0
6491.0,7
6492.0,5
6493.0,8
6494.0,8
6495.0,3
6496.0,8
6497.0,9
6498.0,2
6499.0,6
6500.0,2
6501.0,5
6502.0,3
6503.0,1
6504.0,7
6505.0,3
6506.0,9
6507.0,1
6508.0,9
6509.0,9
6510.0,6
6511.0,0
6512.0,3
6513.0,9
6514.0,2
6515.0,8
6516.0,1
6517.0,4
6518.0,3
6519.0,5
6520.0,2
6521.0,9
6522.0,2
6523.0,5
6524.0,8
6525.0,9
6526.0,5
6527.0,0
6528.0,1
6529.0,2
6530.0,4
6531.0,5
6532.0,6
6533.0,0
6534.0,1
6535.0,2
6536.0,3
6537.0,4
6538.0,5
6539.0,6
6540.0,7
6541.0,1
6542.0,2
6543.0,3
6544.0,4
6545.0,5
6546.0,1
6547.0,0
6548.0,4
6549.0,5
6550.0,6
6551.0,6
6552.0,3
6553.0,4
6554.0,4
6555.0,3
6556.0,8
6557.0,1
6558.0,0
6559.0,6
6560.0,4
6561.0,9
6562.0,7
6563.0,2
6564.0,3
6565.0,3
6566.0,9
6567.0,2
6568.0,0
6569.0,9
6570.0,3
6571.0,3
6572.0,9
6573.0,1
6574.0,5
6575.0,2
6576.0,3
6577.0,1
6578.0,7
6579.0,8
6580.0,4
6581.0,0
6582.0,2
6583.0,4
6584.0,0
6585.0,2
6586.0,4
6587.0,7
6588.0,8
6589.0,0
6590.0,7
6591.0,0
6592.0,6
6593.0,9
6594.0,3
6595.0,2
6596.0,8
6597.0,6
6598.0,0
6599.0,5
6600.0,7
6601.0,5
6602.0,1
6603.0,0
6604.0,8
6605.0,1
6606.0,6
6607.0,7
6608.0,2
6609.0,9
6610.0,7
6611.0,9
6612.0,5
6613.0,8
6614.0,6
6615.0,2
6616.0,6
6617.0,2
6618.0,8
6619.0,1
6620.0,7
6621.0,5
6622.0,0
6623.0,1
6624.0,1
6625.0,3
6626.0,8
6627.0,4
6628.0,9
6629.0,1
6630.0,8
6631.0,6
6632.0,8
6633.0,9
6634.0,0
6635.0,1
6636.0,2
6637.0,3
6638.0,4
6639.0,5
6640.0,6
6641.0,7
6642.0,8
6643.0,9
6644.0,0
6645.0,1
6646.0,2
6647.0,3
6648.0,4
6649.0,7
6650.0,8
6651.0,9
6652.0,0
6653.0,1
6654.0,7
6655.0,8
6656.0,9
6657.0,9
6658.0,8
6659.0,9
6660.0,8
6661.0,4
6662.0,1
6663.0,7
6664.0,7
6665.0,3
6666.0,3
6667.0,7
6668.0,6
6669.0,6
6670.0,6
6671.0,1
6672.0,9
6673.0,0
6674.0,1
6675.0,7
6676.0,6
6677.0,3
6678.0,2
6679.0,1
6680.0,7
6681.0,1
6682.0,3
6683.0,9
6684.0,1
6685.0,7
6686.0,6
6687.0,8
6688.0,4
6689.0,1
6690.0,4
6691.0,3
6692.0,6
6693.0,9
6694.0,6
6695.0,1
6696.0,4
6697.0,4
6698.0,7
6699.0,2
6700.0,4
6701.0,4
6702.0,0
6703.0,1
6704.0,2
6705.0,3
6706.0,4
6707.0,5
6708.0,6
6709.0,7
6710.0,8
6711.0,9
6712.0,0
6713.0,1
6714.0,2
6715.0,3
6716.0,4
6717.0,5
6718.0,6
6719.0,9
6720.0,0
6721.0,1
6722.0,2
6723.0,3
6724.0,4
6725.0,7
6726.0,8
6727.0,1
6728.0,3
6729.0,5
6730.0,1
6731.0,7
6732.0,7
6733.0,2
6734.0,1
6735.0,4
6736.0,8
6737.0,3
6738.0,4
6739.0,4
6740.0,3
6741.0,9
6742.0,7
6743.0,4
6744.0,1
6745.0,2
6746.0,3
6747.0,5
6748.0,9
6749.0,1
6750.0,6
6751.0,0
6752.0,1
6753.0,0
6754.0,0
6755.0,2
6756.0,8
6757.0,7
6758.0,1
6759.0,1
6760.0,4
6761.0,0
6762.0,4
6763.0,7
6764.0,3
6765.0,6
6766.0,8
6767.0,0
6768.0,3
6769.0,7
6770.0,4
6771.0,0
6772.0,6
6773.0,9
6774.0,2
6775.0,6
6776.0,5
6777.0,8
6778.0,6
6779.0,9
6780.0,0
6781.0,4
6782.0,0
6783.0,6
6784.0,6
6785.0,9
6786.0,2
6787.0,0
6788.0,9
6789.0,5
6790.0,1
6791.0,3
6792.0,7
6793.0,6
6794.0,9
6795.0,3
6796.0,0
6797.0,3
6798.0,2
6799.0,0
6800.0,1
6801.0,2
6802.0,3
6803.0,4
6804.0,5
6805.0,6
6806.0,7
6807.0,8
6808.0,9
6809.0,0
6810.0,1
6811.0,2
6812.0,3
6813.0,4
6814.0,5
6815.0,6
6816.0,7
6817.0,8
6818.0,9
6819.0,0
6820.0,1
6821.0,2
6822.0,3
6823.0,4
6824.0,5
6825.0,6
6826.0,7
6827.0,8
6828.0,9
6829.0,2
6830.0,1
6831.0,7
6832.0,2
6833.0,5
6834.0,0
6835.0,8
6836.0,0
6837.0,2
6838.0,7
6839.0,8
6840.0,8
6841.0,3
6842.0,0
6843.0,6
6844.0,0
6845.0,2
6846.0,7
6847.0,6
6848.0,6
6849.0,1
6850.0,2
6851.0,8
6852.0,8
6853.0,7
6854.0,7
6855.0,4
6856.0,7
6857.0,7
6858.0,3
6859.0,7
6860.0,4
6861.0,5
6862.0,4
6863.0,3
6864.0,3
6865.0,8
6866.0,4
6867.0,5
6868.0,4
6869.0,1
6870.0,1
6871.0,9
6872.0,7
6873.0,4
6874.0,3
6875.0,7
6876.0,3
6877.0,3
6878.0,0
6879.0,2
6880.0,5
6881.0,5
6882.0,6
6883.0,3
6884.0,1
6885.0,5
6886.0,2
6887.0,5
6888.0,9
6889.0,9
6890.0,8
6891.0,4
6892.0,1
6893.0,0
6894.0,6
6895.0,0
6896.0,9
6897.0,6
6898.0,8
6899.0,8
6900.0,5
6901.0,6
6902.0,1
6903.0,1
6904.0,9
6905.0,8
6906.0,9
6907.0,2
6908.0,3
6909.0,5
6910.0,5
6911.0,9
6912.0,4
6913.0,2
6914.0,1
6915.0,9
6916.0,4
6917.0,9
6918.0,1
6919.0,3
6920.0,9
6921.0,2
6922.0,0
6923.0,6
6924.0,0
6925.0,4
6926.0,0
6927.0,6
6928.0,0
6929.0,1
6930.0,2
6931.0,3
6932.0,4
6933.0,5
6934.0,6
6935.0,7
6936.0,8
6937.0,9
6938.0,0
6939.0,1
6940.0,2
6941.0,3
6942.0,4
6943.0,5
6944.0,6
6945.0,7
6946.0,8
6947.0,9
6948.0,0
6949.0,1
6950.0,2
6951.0,3
6952.0,4
6953.0,5
6954.0,6
6955.0,7
6956.0,8
6957.0,9
6958.0,3
6959.0,8
6960.0,0
6961.0,7
6962.0,1
6963.0,0
6964.0,7
6965.0,5
6966.0,5
6967.0,6
6968.0,9
6969.0,0
6970.0,1
6971.0,0
6972.0,0
6973.0,8
6974.0,3
6975.0,4
6976.0,3
6977.0,1
6978.0,5
6979.0,0
6980.0,0
6981.0,9
6982.0,5
6983.0,3
6984.0,4
6985.0,9
6986.0,3
6987.0,7
6988.0,6
6989.0,9
6990.0,2
6991.0,4
6992.0,5
6993.0,7
6994.0,2
6995.0,6
6996.0,4
6997.0,9
6998.0,4
6999.0,9
7000.0,4
7001.0,1
7002.0,2
7003.0,2
7004.0,5
7005.0,8
7006.0,1
7007.0,3
7008.0,2
7009.0,9
7010.0,4
7011.0,3
7012.0,8
7013.0,2
7014.0,2
7015.0,1
7016.0,2
7017.0,8
7018.0,6
7019.0,5
7020.0,1
7021.0,6
7022.0,7
7023.0,2
7024.0,1
7025.0,3
7026.0,9
7027.0,3
7028.0,8
7029.0,7
7030.0,5
7031.0,7
7032.0,0
7033.0,7
7034.0,4
7035.0,8
7036.0,8
7037.0,5
7038.0,0
7039.0,6
7040.0,6
7041.0,3
7042.0,7
7043.0,6
7044.0,9
7045.0,9
7046.0,4
7047.0,8
7048.0,4
7049.0,1
7050.0,0
7051.0,6
7052.0,6
7053.0,0
7054.0,1
7055.0,2
7056.0,3
7057.0,4
7058.0,5
7059.0,6
7060.0,7
7061.0,8
7062.0,9
7063.0,0
7064.0,1
7065.0,2
7066.0,3
7067.0,4
7068.0,5
7069.0,6
7070.0,7
7071.0,8
7072.0,9
7073.0,0
7074.0,1
7075.0,2
7076.0,3
7077.0,4
7078.0,5
7079.0,6
7080.0,7
7081.0,8
7082.0,9
7083.0,7
7084.0,4
7085.0,0
7086.0,4
7087.0,0
7088.0,1
7089.0,7
7090.0,9
7091.0,5
7092.0,1
7093.0,4
7094.0,2
7095.0,8
7096.0,9
7097.0,4
7098.0,3
7099.0,7
7100.0,8
7101.0,2
7102.0,4
7103.0,4
7104.0,3
7105.0,3
7106.0,6
7107.0,9
7108.0,9
7109.0,5
7110.0,8
7111.0,6
7112.0,7
7113.0,0
7114.0,6
7115.0,8
7116.0,2
7117.0,6
7118.0,3
7119.0,9
7120.0,3
7121.0,2
7122.0,8
7123.0,6
7124.0,1
7125.0,7
7126.0,4
7127.0,8
7128.0,8
7129.0,9
7130.0,0
7131.0,3
7132.0,3
7133.0,9
7134.0,0
7135.0,5
7136.0,2
7137.0,9
7138.0,4
7139.0,1
7140.0,0
7141.0,3
7142.0,7
7143.0,5
7144.0,8
7145.0,7
7146.0,7
7147.0,8
7148.0,2
7149.0,9
7150.0,7
7151.0,1
7152.0,2
7153.0,6
7154.0,4
7155.0,2
7156.0,5
7157.0,2
7158.0,3
7159.0,6
7160.0,6
7161.0,5
7162.0,0
7163.0,0
7164.0,2
7165.0,8
7166.0,1
7167.0,6
7168.0,1
7169.0,0
7170.0,4
7171.0,3
7172.0,1
7173.0,6
7174.0,1
7175.0,9
7176.0,0
7177.0,1
7178.0,4
7179.0,5
7180.0,6
7181.0,7
7182.0,8
7183.0,9
7184.0,1
7185.0,2
7186.0,3
7187.0,4
7188.0,5
7189.0,6
7190.0,7
7191.0,0
7192.0,1
7193.0,2
7194.0,3
7195.0,4
7196.0,5
7197.0,6
7198.0,7
7199.0,8
7200.0,9
7201.0,8
7202.0,4
7203.0,0
7204.0,0
7205.0,7
7206.0,2
7207.0,4
7208.0,3
7209.0,8
7210.0,6
7211.0,6
7212.0,3
7213.0,2
7214.0,6
7215.0,3
7216.0,3
7217.0,0
7218.0,1
7219.0,4
7220.0,7
7221.0,8
7222.0,0
7223.0,3
7224.0,1
7225.0,9
7226.0,0
7227.0,1
7228.0,9
7229.0,1
7230.0,2
7231.0,7
7232.0,0
7233.0,1
7234.0,3
7235.0,8
7236.0,2
7237.0,9
7238.0,2
7239.0,7
7240.0,6
7241.0,5
7242.0,5
7243.0,9
7244.0,9
7245.0,8
7246.0,2
7247.0,9
7248.0,1
7249.0,3
7250.0,2
7251.0,3
7252.0,4
7253.0,3
7254.0,1
7255.0,9
7256.0,0
7257.0,9
7258.0,3
7259.0,6
7260.0,8
7261.0,7
7262.0,0
7263.0,1
7264.0,0
7265.0,5
7266.0,8
7267.0,2
7268.0,7
7269.0,7
7270.0,0
7271.0,1
7272.0,2
7273.0,3
7274.0,4
7275.0,5
7276.0,6
7277.0,7
7278.0,8
7279.0,9
7280.0,0
7281.0,1
7282.0,2
7283.0,3
7284.0,4
7285.0,5
7286.0,6
7287.0,7
7288.0,8
7289.0,9
7290.0,0
7291.0,1
7292.0,2
7293.0,3
7294.0,4
7295.0,5
7296.0,6
7297.0,7
7298.0,8
7299.0,9
7300.0,1
7301.0,7
7302.0,4
7303.0,8
7304.0,1
7305.0,5
7306.0,6
7307.0,5
7308.0,7
7309.0,2
7310.0,8
7311.0,6
7312.0,3
7313.0,3
7314.0,8
7315.0,6
7316.0,5
7317.0,4
7318.0,0
7319.0,9
7320.0,1
7321.0,7
7322.0,2
7323.0,9
7324.0,1
7325.0,5
7326.0,1
7327.0,3
7328.0,2
7329.0,2
7330.0,3
7331.0,0
7332.0,6
7333.0,4
7334.0,3
7335.0,7
7336.0,6
7337.0,9
7338.0,0
7339.0,4
7340.0,8
7341.0,1
7342.0,4
7343.0,0
7344.0,6
7345.0,1
7346.0,2
7347.0,6
7348.0,9
7349.0,2
7350.0,2
7351.0,3
7352.0,5
7353.0,5
7354.0,1
7355.0,0
7356.0,7
7357.0,7
7358.0,9
7359.0,6
7360.0,2
7361.0,9
7362.0,4
7363.0,7
7364.0,0
7365.0,2
7366.0,3
7367.0,4
7368.0,0
7369.0,0
7370.0,8
7371.0,8
7372.0,8
7373.0,5
7374.0,1
7375.0,3
7376.0,7
7377.0,4
7378.0,9
7379.0,8
7380.0,8
7381.0,9
7382.0,0
7383.0,9
7384.0,8
7385.0,9
7386.0,0
7387.0,2
7388.0,6
7389.0,5
7390.0,6
7391.0,7
7392.0,4
7393.0,7
7394.0,5
7395.0,4
7396.0,1
7397.0,3
7398.0,5
7399.0,3
7400.0,1
7401.0,2
7402.0,3
7403.0,4
7404.0,5
7405.0,6
7406.0,1
7407.0,2
7408.0,3
7409.0,4
7410.0,6
7411.0,0
7412.0,1
7413.0,2
7414.0,4
7415.0,5
7416.0,6
7417.0,7
7418.0,8
7419.0,1
7420.0,7
7421.0,2
7422.0,4
7423.0,1
7424.0,4
7425.0,1
7426.0,4
7427.0,9
7428.0,6
7429.0,8
7430.0,4
7431.0,5
7432.0,3
7433.0,7
7434.0,8
7435.0,4
7436.0,3
7437.0,3
7438.0,5
7439.0,6
7440.0,7
7441.0,0
7442.0,6
7443.0,1
7444.0,6
7445.0,8
7446.0,7
7447.0,0
7448.0,1
7449.0,5
7450.0,0
7451.0,8
7452.0,5
7453.0,0
7454.0,1
7455.0,5
7456.0,8
7457.0,4
7458.0,2
7459.0,3
7460.0,9
7461.0,7
7462.0,6
7463.0,9
7464.0,1
7465.0,9
7466.0,0
7467.0,6
7468.0,7
7469.0,1
7470.0,2
7471.0,3
7472.0,9
7473.0,2
7474.0,4
7475.0,5
7476.0,5
7477.0,3
7478.0,7
7479.0,5
7480.0,3
7481.0,1
7482.0,8
7483.0,2
7484.0,2
7485.0,3
7486.0,0
7487.0,2
7488.0,9
7489.0,4
7490.0,9
7491.0,7
7492.0,0
7493.0,2
7494.0,7
7495.0,4
7496.0,9
7497.0,9
7498.0,2
7499.0,5
7500.0,9
7501.0,8
7502.0,3
7503.0,8
7504.0,6
7505.0,7
7506.0,0
7507.0,0
7508.0,1
7509.0,2
7510.0,3
7511.0,4
7512.0,5
7513.0,6
7514.0,7
7515.0,8
7516.0,9
7517.0,0
7518.0,1
7519.0,2
7520.0,3
7521.0,4
7522.0,5
7523.0,6
7524.0,7
7525.0,8
7526.0,9
7527.0,0
7528.0,1
7529.0,2
7530.0,3
7531.0,4
7532.0,5
7533.0,6
7534.0,7
7535.0,8
7536.0,9
7537.0,0
7538.0,0
7539.0,7
7540.0,2
7541.0,6
7542.0,5
7543.0,5
7544.0,3
7545.0,7
7546.0,8
7547.0,6
7548.0,6
7549.0,6
7550.0,6
7551.0,4
7552.0,3
7553.0,8
7554.0,8
7555.0,3
7556.0,0
7557.0,1
7558.0,9
7559.0,0
7560.0,5
7561.0,4
7562.0,1
7563.0,9
7564.0,1
7565.0,2
7566.0,7
7567.0,0
7568.0,1
7569.0,3
7570.0,8
7571.0,2
7572.0,9
7573.0,2
7574.0,7
7575.0,4
7576.0,2
7577.0,6
7578.0,5
7579.0,5
7580.0,9
7581.0,9
7582.0,1
7583.0,1
7584.0,5
7585.0,7
7586.0,6
7587.0,8
7588.0,2
7589.0,9
7590.0,4
7591.0,3
7592.0,1
7593.0,9
7594.0,0
7595.0,9
7596.0,3
7597.0,6
7598.0,8
7599.0,7
7600.0,0
7601.0,1
7602.0,0
7603.0,5
7604.0,8
7605.0,2
7606.0,7
7607.0,7
7608.0,0
7609.0,1
7610.0,2
7611.0,3
7612.0,4
7613.0,5
7614.0,6
7615.0,7
7616.0,8
7617.0,9
7618.0,0
7619.0,1
7620.0,2
7621.0,3
7622.0,4
7623.0,5
7624.0,8
7625.0,9
7626.0,0
7627.0,1
7628.0,2
7629.0,3
7630.0,4
7631.0,5
7632.0,6
7633.0,7
7634.0,8
7635.0,9
7636.0,2
7637.0,1
7638.0,2
7639.0,1
7640.0,3
7641.0,9
7642.0,9
7643.0,8
7644.0,5
7645.0,3
7646.0,7
7647.0,0
7648.0,7
7649.0,7
7650.0,5
7651.0,7
7652.0,9
7653.0,9
7654.0,4
7655.0,7
7656.0,0
7657.0,3
7658.0,4
7659.0,1
7660.0,5
7661.0,8
7662.0,1
7663.0,4
7664.0,8
7665.0,4
7666.0,1
7667.0,8
7668.0,6
7669.0,6
7670.0,4
7671.0,6
7672.0,0
7673.0,5
7674.0,5
7675.0,3
7676.0,3
7677.0,5
7678.0,7
7679.0,2
7680.0,5
7681.0,9
7682.0,6
7683.0,9
7684.0,2
7685.0,6
7686.0,2
7687.0,1
7688.0,2
7689.0,0
7690.0,8
7691.0,3
7692.0,8
7693.0,3
7694.0,0
7695.0,8
7696.0,7
7697.0,4
7698.0,9
7699.0,5
7700.0,0
7701.0,9
7702.0,7
7703.0,0
7704.0,0
7705.0,4
7706.0,6
7707.0,0
7708.0,9
7709.0,1
7710.0,6
7711.0,2
7712.0,7
7713.0,6
7714.0,8
7715.0,3
7716.0,5
7717.0,2
7718.0,1
7719.0,8
7720.0,3
7721.0,8
7722.0,6
7723.0,1
7724.0,0
7725.0,2
7726.0,1
7727.0,4
7728.0,0
7729.0,1
7730.0,2
7731.0,3
7732.0,4
7733.0,5
7734.0,6
7735.0,7
7736.0,8
7737.0,9
7738.0,0
7739.0,1
7740.0,2
7741.0,3
7742.0,4
7743.0,5
7744.0,6
7745.0,7
7746.0,8
7747.0,9
7748.0,0
7749.0,1
7750.0,2
7751.0,3
7752.0,4
7753.0,5
7754.0,6
7755.0,7
7756.0,8
7757.0,9
7758.0,7
7759.0,6
7760.0,4
7761.0,7
7762.0,6
7763.0,2
7764.0,3
7765.0,4
7766.0,8
7767.0,7
7768.0,8
7769.0,6
7770.0,9
7771.0,8
7772.0,3
7773.0,2
7774.0,2
7775.0,8
7776.0,4
7777.0,8
7778.0,5
7779.0,6
7780.0,5
7781.0,0
7782.0,2
7783.0,0
7784.0,1
7785.0,1
7786.0,2
7787.0,9
7788.0,6
7789.0,8
7790.0,2
7791.0,1
7792.0,0
7793.0,6
7794.0,5
7795.0,2
7796.0,9
7797.0,7
7798.0,5
7799.0,3
7800.0,9
7801.0,3
7802.0,7
7803.0,1
7804.0,8
7805.0,3
7806.0,8
7807.0,1
7808.0,9
7809.0,5
7810.0,5
7811.0,0
7812.0,1
7813.0,8
7814.0,9
7815.0,8
7816.0,2
7817.0,6
7818.0,0
7819.0,4
7820.0,5
7821.0,0
7822.0,3
7823.0,1
7824.0,8
7825.0,6
7826.0,7
7827.0,5
7828.0,9
7829.0,9
7830.0,3
7831.0,0
7832.0,3
7833.0,1
7834.0,4
7835.0,4
7836.0,0
7837.0,4
7838.0,9
7839.0,0
7840.0,1
7841.0,2
7842.0,3
7843.0,5
7844.0,6
7845.0,7
7846.0,8
7847.0,0
7848.0,8
7849.0,2
7850.0,3
7851.0,5
7852.0,6
7853.0,7
7854.0,8
7855.0,9
7856.0,0
7857.0,8
7858.0,2
7859.0,3
7860.0,5
7861.0,6
7862.0,8
7863.0,8
7864.0,9
7865.0,9
7866.0,7
7867.0,0
7868.0,9
7869.0,0
7870.0,1
7871.0,5
7872.0,8
7873.0,8
7874.0,0
7875.0,9
7876.0,3
7877.0,2
7878.0,7
7879.0,8
7880.0,4
7881.0,6
7882.0,1
7883.0,0
7884.0,4
7885.0,9
7886.0,4
7887.0,2
7888.0,0
7889.0,5
7890.0,0
7891.0,1
7892.0,6
7893.0,9
7894.0,3
7895.0,2
7896.0,9
7897.0,1
7898.0,6
7899.0,0
7900.0,8
7901.0,8
7902.0,8
7903.0,8
7904.0,2
7905.0,6
7906.0,3
7907.0,6
7908.0,0
7909.0,7
7910.0,2
7911.0,4
7912.0,1
7913.0,7
7914.0,0
7915.0,6
7916.0,9
7917.0,0
7918.0,2
7919.0,5
7920.0,8
7921.0,1
7922.0,8
7923.0,2
7924.0,8
7925.0,7
7926.0,6
7927.0,8
7928.0,7
7929.0,0
7930.0,6
7931.0,2
7932.0,9
7933.0,3
7934.0,0
7935.0,1
7936.0,2
7937.0,3
7938.0,4
7939.0,5
7940.0,6
7941.0,7
7942.0,8
7943.0,9
7944.0,0
7945.0,1
7946.0,2
7947.0,3
7948.0,4
7949.0,5
7950.0,6
7951.0,7
7952.0,8
7953.0,9
7954.0,0
7955.0,1
7956.0,2
7957.0,3
7958.0,4
7959.0,5
7960.0,6
7961.0,7
7962.0,8
7963.0,9
7964.0,8
7965.0,9
7966.0,5
7967.0,7
7968.0,0
7969.0,3
7970.0,1
7971.0,6
7972.0,8
7973.0,4
7974.0,1
7975.0,5
7976.0,6
7977.0,4
7978.0,2
7979.0,2
7980.0,8
7981.0,1
7982.0,3
7983.0,4
7984.0,3
7985.0,4
7986.0,8
7987.0,2
7988.0,0
7989.0,5
7990.0,0
7991.0,8
7992.0,9
7993.0,2
7994.0,3
7995.0,2
7996.0,3
7997.0,5
7998.0,5
7999.0,7
8000.0,8
8001.0,4
8002.0,9
8003.0,9
8004.0,7
8005.0,1
8006.0,1
8007.0,9
8008.0,0
8009.0,7
8010.0,8
8011.0,3
8012.0,4
8013.0,8
8014.0,6
8015.0,3
8016.0,8
8017.0,0
8018.0,9
8019.0,6
8020.0,2
8021.0,1
8022.0,0
8023.0,1
8024.0,0
8025.0,6
8026.0,2
8027.0,3
8028.0,8
8029.0,9
8030.0,0
8031.0,7
8032.0,2
8033.0,3
8034.0,4
8035.0,5
8036.0,5
8037.0,2
8038.0,8
8039.0,5
8040.0,4
8041.0,6
8042.0,6
8043.0,6
8044.0,7
8045.0,9
8046.0,1
8047.0,8
8048.0,2
8049.0,1
8050.0,5
8051.0,3
8052.0,4
8053.0,7
8054.0,9
8055.0,4
8056.0,0
8057.0,0
8058.0,0
8059.0,1
8060.0,2
8061.0,3
8062.0,4
8063.0,5
8064.0,6
8065.0,7
8066.0,8
8067.0,9
8068.0,0
8069.0,1
8070.0,2
8071.0,3
8072.0,4
8073.0,5
8074.0,6
8075.0,7
8076.0,8
8077.0,9
8078.0,0
8079.0,1
8080.0,2
8081.0,3
8082.0,4
8083.0,5
8084.0,6
8085.0,9
8086.0,0
8087.0,1
8088.0,3
8089.0,1
8090.0,5
8091.0,1
8092.0,2
8093.0,4
8094.0,9
8095.0,8
8096.0,4
8097.0,6
8098.0,8
8099.0,0
8100.0,1
8101.0,1
8102.0,9
8103.0,2
8104.0,6
8105.0,6
8106.0,8
8107.0,7
8108.0,4
8109.0,2
8110.0,9
8111.0,7
8112.0,0
8113.0,2
8114.0,1
8115.0,0
8116.0,3
8117.0,6
8118.0,0
8119.0,1
8120.0,2
8121.0,3
8122.0,4
8123.0,5
8124.0,6
8125.0,7
8126.0,8
8127.0,9
8128.0,0
8129.0,1
8130.0,2
8131.0,3
8132.0,4
8133.0,5
8134.0,6
8135.0,7
8136.0,8
8137.0,9
8138.0,0
8139.0,1
8140.0,2
8141.0,3
8142.0,4
8143.0,5
8144.0,6
8145.0,7
8146.0,8
8147.0,9
8148.0,8
8149.0,6
8150.0,5
8151.0,9
8152.0,7
8153.0,0
8154.0,2
8155.0,3
8156.0,4
8157.0,3
8158.0,8
8159.0,5
8160.0,1
8161.0,5
8162.0,2
8163.0,3
8164.0,0
8165.0,1
8166.0,2
8167.0,1
8168.0,3
8169.0,2
8170.0,6
8171.0,5
8172.0,3
8173.0,0
8174.0,7
8175.0,2
8176.0,7
8177.0,4
8178.0,6
8179.0,4
8180.0,0
8181.0,5
8182.0,9
8183.0,9
8184.0,8
8185.0,9
8186.0,5
8187.0,3
8188.0,1
8189.0,7
8190.0,4
8191.0,7
8192.0,6
8193.0,5
8194.0,4
8195.0,0
8196.0,0
8197.0,6
8198.0,6
8199.0,2
8200.0,0
8201.0,6
8202.0,3
8203.0,7
8204.0,7
8205.0,4
8206.0,4
8207.0,3
8208.0,9
8209.0,2
8210.0,8
8211.0,9
8212.0,6
8213.0,0
8214.0,9
8215.0,5
8216.0,3
8217.0,8
8218.0,8
8219.0,7
8220.0,1
8221.0,4
8222.0,0
8223.0,4
8224.0,8
8225.0,5
8226.0,2
8227.0,3
8228.0,9
8229.0,0
8230.0,1
8231.0,9
8232.0,1
8233.0,5
8234.0,1
8235.0,7
8236.0,4
8237.0,8
8238.0,6
8239.0,2
8240.0,1
8241.0,6
8242.0,8
8243.0,8
8244.0,0
8245.0,1
8246.0,2
8247.0,3
8248.0,4
8249.0,7
8250.0,8
8251.0,9
8252.0,0
8253.0,1
8254.0,2
8255.0,3
8256.0,4
8257.0,6
8258.0,7
8259.0,8
8260.0,9
8261.0,0
8262.0,1
8263.0,2
8264.0,3
8265.0,4
8266.0,7
8267.0,8
8268.0,9
8269.0,1
8270.0,4
8271.0,5
8272.0,3
8273.0,3
8274.0,0
8275.0,9
8276.0,5
8277.0,4
8278.0,3
8279.0,0
8280.0,8
8281.0,4
8282.0,6
8283.0,7
8284.0,0
8285.0,7
8286.0,7
8287.0,1
8288.0,6
8289.0,9
8290.0,1
8291.0,3
8292.0,6
8293.0,2
8294.0,3
8295.0,8
8296.0,2
8297.0,3
8298.0,8
8299.0,9
8300.0,5
8301.0,8
8302.0,8
8303.0,7
8304.0,1
8305.0,7
8306.0,1
8307.0,1
8308.0,0
8309.0,3
8310.0,4
8311.0,2
8312.0,6
8313.0,4
8314.0,7
8315.0,4
8316.0,2
8317.0,2
8318.0,4
8319.0,2
8320.0,9
8321.0,2
8322.0,7
8323.0,9
8324.0,2
8325.0,1
8326.0,0
8327.0,6
8328.0,5
8329.0,3
8330.0,4
8331.0,8
8332.0,5
8333.0,9
8334.0,6
8335.0,9
8336.0,0
8337.0,6
8338.0,3
8339.0,0
8340.0,8
8341.0,1
8342.0,6
8343.0,0
8344.0,0
8345.0,1
8346.0,2
8347.0,3
8348.0,4
8349.0,5
8350.0,6
8351.0,7
8352.0,0
8353.0,1
8354.0,2
8355.0,3
8356.0,4
8357.0,7
8358.0,8
8359.0,9
8360.0,0
8361.0,1
8362.0,2
8363.0,3
8364.0,4
8365.0,7
8366.0,2
8367.0,5
8368.0,1
8369.0,6
8370.0,4
8371.0,3
8372.0,9
8373.0,9
8374.0,0
8375.0,9
8376.0,7
8377.0,1
8378.0,6
8379.0,4
8380.0,3
8381.0,6
8382.0,2
8383.0,0
8384.0,9
8385.0,8
8386.0,6
8387.0,5
8388.0,2
8389.0,0
8390.0,0
8391.0,1
8392.0,2
8393.0,4
8394.0,3
8395.0,2
8396.0,4
8397.0,1
8398.0,3
8399.0,7
8400.0,6
8401.0,4
8402.0,7
8403.0,7
8404.0,7
8405.0,9
8406.0,8
8407.0,4
8408.0,3
8409.0,5
8410.0,2
8411.0,8
8412.0,3
8413.0,5
8414.0,8
8415.0,0
8416.0,5
8417.0,4
8418.0,7
8419.0,1
8420.0,3
8421.0,1
8422.0,7
8423.0,9
8424.0,6
8425.0,2
8426.0,0
8427.0,9
8428.0,1
8429.0,7
8430.0,3
8431.0,3
8432.0,9
8433.0,1
8434.0,6
8435.0,4
8436.0,3
8437.0,9
8438.0,8
8439.0,2
8440.0,1
8441.0,8
8442.0,6
8443.0,4
8444.0,1
8445.0,5
8446.0,5
8447.0,6
8448.0,5
8449.0,0
8450.0,1
8451.0,2
8452.0,3
8453.0,4
8454.0,5
8455.0,6
8456.0,7
8457.0,8
8458.0,9
8459.0,0
8460.0,1
8461.0,2
8462.0,3
8463.0,4
8464.0,5
8465.0,6
8466.0,7
8467.0,8
8468.0,9
8469.0,0
8470.0,1
8471.0,2
8472.0,3
8473.0,4
8474.0,5
8475.0,6
8476.0,7
8477.0,8
8478.0,9
8479.0,6
8480.0,9
8481.0,7
8482.0,0
8483.0,2
8484.0,3
8485.0,4
8486.0,3
8487.0,8
8488.0,5
8489.0,1
8490.0,3
8491.0,0
8492.0,1
8493.0,2
8494.0,1
8495.0,3
8496.0,2
8497.0,0
8498.0,7
8499.0,2
8500.0,6
8501.0,4
8502.0,0
8503.0,5
8504.0,9
8505.0,9
8506.0,8
8507.0,9
8508.0,5
8509.0,3
8510.0,1
8511.0,7
8512.0,4
8513.0,7
8514.0,0
8515.0,0
8516.0,6
8517.0,6
8518.0,6
8519.0,3
8520.0,7
8521.0,4
8522.0,2
8523.0,8
8524.0,9
8525.0,8
8526.0,7
8527.0,1
8528.0,4
8529.0,0
8530.0,4
8531.0,8
8532.0,5
8533.0,2
8534.0,3
8535.0,9
8536.0,0
8537.0,1
8538.0,9
8539.0,1
8540.0,5
8541.0,1
8542.0,7
8543.0,6
8544.0,1
8545.0,2
8546.0,1
8547.0,6
8548.0,8
8549.0,0
8550.0,1
8551.0,2
8552.0,3
8553.0,4
8554.0,5
8555.0,6
8556.0,7
8557.0,8
8558.0,9
8559.0,0
8560.0,1
8561.0,2
8562.0,3
8563.0,4
8564.0,5
8565.0,6
8566.0,7
8567.0,8
8568.0,0
8569.0,1
8570.0,2
8571.0,3
8572.0,5
8573.0,6
8574.0,7
8575.0,8
8576.0,1
8577.0,0
8578.0,4
8579.0,5
8580.0,6
8581.0,6
8582.0,3
8583.0,4
8584.0,4
8585.0,2
8586.0,8
8587.0,1
8588.0,0
8589.0,6
8590.0,4
8591.0,9
8592.0,7
8593.0,2
8594.0,9
8595.0,2
8596.0,0
8597.0,9
8598.0,3
8599.0,3
8600.0,9
8601.0,1
8602.0,5
8603.0,2
8604.0,3
8605.0,1
8606.0,6
8607.0,7
8608.0,3
8609.0,7
8610.0,8
8611.0,4
8612.0,0
8613.0,2
8614.0,4
8615.0,0
8616.0,2
8617.0,4
8618.0,7
8619.0,8
8620.0,0
8621.0,7
8622.0,0
8623.0,6
8624.0,9
8625.0,3
8626.0,2
8627.0,4
8628.0,8
8629.0,6
8630.0,0
8631.0,5
8632.0,7
8633.0,5
8634.0,1
8635.0,0
8636.0,8
8637.0,1
8638.0,6
8639.0,7
8640.0,2
8641.0,9
8642.0,7
8643.0,9
8644.0,5
8645.0,6
8646.0,5
8647.0,2
8648.0,6
8649.0,2
8650.0,8
8651.0,1
8652.0,7
8653.0,5
8654.0,5
8655.0,7
8656.0,3
8657.0,5
8658.0,0
8659.0,1
8660.0,1
8661.0,3
8662.0,8
8663.0,4
8664.0,9
8665.0,4
8666.0,5
8667.0,1
8668.0,8
8669.0,6
8670.0,8
8671.0,9
8672.0,0
8673.0,1
8674.0,2
8675.0,3
8676.0,4
8677.0,5
8678.0,6
8679.0,7
8680.0,8
8681.0,9
8682.0,0
8683.0,1
8684.0,2
8685.0,3
8686.0,4
8687.0,5
8688.0,6
8689.0,7
8690.0,8
8691.0,9
8692.0,0
8693.0,1
8694.0,2
8695.0,3
8696.0,4
8697.0,5
8698.0,6
8699.0,7
8700.0,8
8701.0,9
8702.0,3
8703.0,5
8704.0,3
8705.0,2
8706.0,9
8707.0,3
8708.0,2
8709.0,1
8710.0,4
8711.0,5
8712.0,5
8713.0,2
8714.0,3
8715.0,2
8716.0,1
8717.0,3
8718.0,9
8719.0,7
8720.0,2
8721.0,1
8722.0,2
8723.0,8
8724.0,9
8725.0,1
8726.0,8
8727.0,8
8728.0,7
8729.0,8
8730.0,1
8731.0,0
8732.0,0
8733.0,6
8734.0,7
8735.0,7
8736.0,8
8737.0,7
8738.0,5
8739.0,0
8740.0,6
8741.0,1
8742.0,5
8743.0,7
8744.0,4
8745.0,6
8746.0,1
8747.0,2
8748.0,5
8749.0,0
8750.0,7
8751.0,9
8752.0,9
8753.0,0
8754.0,3
8755.0,4
8756.0,4
8757.0,8
8758.0,4
8759.0,1
8760.0,8
8761.0,6
8762.0,5
8763.0,9
8764.0,0
8765.0,0
8766.0,0
8767.0,3
8768.0,7
8769.0,1
8770.0,6
8771.0,4
8772.0,6
8773.0,0
8774.0,4
8775.0,5
8776.0,4
8777.0,1
8778.0,3
8779.0,8
8780.0,6
8781.0,3
8782.0,9
8783.0,9
8784.0,5
8785.0,9
8786.0,3
8787.0,7
8788.0,8
8789.0,5
8790.0,6
8791.0,4
8792.0,7
8793.0,6
8794.0,2
8795.0,2
8796.0,0
8797.0,9
8798.0,4
8799.0,0
8800.0,1
8801.0,2
8802.0,3
8803.0,4
8804.0,5
8805.0,6
8806.0,7
8807.0,8
8808.0,9
8809.0,0
8810.0,1
8811.0,2
8812.0,3
8813.0,4
8814.0,5
8815.0,6
8816.0,7
8817.0,8
8818.0,9
8819.0,0
8820.0,1
8821.0,2
8822.0,3
8823.0,4
8824.0,5
8825.0,6
8826.0,7
8827.0,8
8828.0,9
8829.0,6
8830.0,4
8831.0,2
8832.0,6
8833.0,4
8834.0,7
8835.0,5
8836.0,5
8837.0,4
8838.0,7
8839.0,2
8840.0,9
8841.0,3
8842.0,9
8843.0,3
8844.0,8
8845.0,2
8846.0,0
8847.0,9
8848.0,5
8849.0,6
8850.0,0
8851.0,1
8852.0,0
8853.0,6
8854.0,5
8855.0,3
8856.0,5
8857.0,3
8858.0,8
8859.0,0
8860.0,0
8861.0,3
8862.0,4
8863.0,1
8864.0,5
8865.0,3
8866.0,0
8867.0,8
8868.0,3
8869.0,0
8870.0,6
8871.0,2
8872.0,7
8873.0,8
8874.0,1
8875.0,7
8876.0,1
8877.0,3
8878.0,8
8879.0,5
8880.0,4
8881.0,2
8882.0,0
8883.0,9
8884.0,7
8885.0,6
8886.0,7
8887.0,4
8888.0,1
8889.0,6
8890.0,2
8891.0,6
8892.0,7
8893.0,1
8894.0,9
8895.0,8
8896.0,0
8897.0,6
8898.0,9
8899.0,4
8900.0,9
8901.0,9
8902.0,6
8903.0,2
8904.0,3
8905.0,7
8906.0,1
8907.0,9
8908.0,2
8909.0,2
8910.0,5
8911.0,3
8912.0,7
8913.0,8
8914.0,0
8915.0,1
8916.0,2
8917.0,3
8918.0,4
8919.0,7
8920.0,8
8921.0,9
8922.0,0
8923.0,1
8924.0,2
8925.0,3
8926.0,4
8927.0,7
8928.0,8
8929.0,9
8930.0,0
8931.0,1
8932.0,7
8933.0,8
8934.0,9
8935.0,8
8936.0,9
8937.0,2
8938.0,6
8939.0,1
8940.0,3
8941.0,5
8942.0,4
8943.0,8
8944.0,2
8945.0,6
8946.0,4
8947.0,3
8948.0,4
8949.0,5
8950.0,9
8951.0,2
8952.0,0
8953.0,3
8954.0,9
8955.0,4
8956.0,9
8957.0,7
8958.0,3
8959.0,8
8960.0,7
8961.0,4
8962.0,4
8963.0,9
8964.0,8
8965.0,5
8966.0,8
8967.0,2
8968.0,6
8969.0,6
8970.0,2
8971.0,3
8972.0,1
8973.0,3
8974.0,2
8975.0,7
8976.0,3
8977.0,1
8978.0,9
8979.0,0
8980.0,1
8981.0,1
8982.0,3
8983.0,5
8984.0,0
8985.0,7
8986.0,8
8987.0,1
8988.0,5
8989.0,1
8990.0,4
8991.0,6
8992.0,0
8993.0,0
8994.0,4
8995.0,9
8996.0,1
8997.0,6
8998.0,6
8999.0,9
9000.0,0
9001.0,7
9002.0,6
9003.0,1
9004.0,1
9005.0,0
9006.0,1
9007.0,2
9008.0,3
9009.0,4
9010.0,7
9011.0,2
9012.0,3
9013.0,4
9014.0,5
9015.0,6
9016.0,2
9017.0,0
9018.0,1
9019.0,2
9020.0,7
9021.0,8
9022.0,6
9023.0,3
9024.0,9
9025.0,7
9026.0,1
9027.0,9
9028.0,3
9029.0,9
9030.0,6
9031.0,1
9032.0,7
9033.0,2
9034.0,4
9035.0,4
9036.0,5
9037.0,7
9038.0,0
9039.0,0
9040.0,1
9041.0,6
9042.0,6
9043.0,8
9044.0,2
9045.0,7
9046.0,7
9047.0,2
9048.0,4
9049.0,2
9050.0,1
9051.0,6
9052.0,1
9053.0,0
9054.0,6
9055.0,9
9056.0,8
9057.0,3
9058.0,9
9059.0,6
9060.0,3
9061.0,0
9062.0,1
9063.0,2
9064.0,3
9065.0,4
9066.0,5
9067.0,6
9068.0,7
9069.0,8
9070.0,9
9071.0,0
9072.0,1
9073.0,2
9074.0,3
9075.0,4
9076.0,5
9077.0,6
9078.0,7
9079.0,8
9080.0,9
9081.0,0
9082.0,1
9083.0,2
9084.0,3
9085.0,4
9086.0,5
9087.0,6
9088.0,7
9089.0,8
9090.0,9
9091.0,1
9092.0,6
9093.0,8
9094.0,9
9095.0,9
9096.0,0
9097.0,1
9098.0,2
9099.0,4
9100.0,4
9101.0,3
9102.0,7
9103.0,4
9104.0,4
9105.0,4
9106.0,0
9107.0,3
9108.0,8
9109.0,7
9110.0,5
9111.0,8
9112.0,2
9113.0,1
9114.0,7
9115.0,5
9116.0,3
9117.0,8
9118.0,5
9119.0,2
9120.0,5
9121.0,1
9122.0,1
9123.0,6
9124.0,2
9125.0,1
9126.0,3
9127.0,8
9128.0,6
9129.0,4
9130.0,2
9131.0,6
9132.0,2
9133.0,5
9134.0,5
9135.0,0
9136.0,2
9137.0,8
9138.0,0
9139.0,6
9140.0,8
9141.0,1
9142.0,7
9143.0,9
9144.0,1
9145.0,9
9146.0,2
9147.0,6
9148.0,7
9149.0,6
9150.0,6
9151.0,8
9152.0,7
9153.0,4
9154.0,9
9155.0,2
9156.0,1
9157.0,3
9158.0,3
9159.0,0
9160.0,5
9161.0,5
9162.0,8
9163.0,0
9164.0,3
9165.0,7
9166.0,9
9167.0,7
9168.0,0
9169.0,2
9170.0,7
9171.0,9
9172.0,1
9173.0,7
9174.0,8
9175.0,0
9176.0,3
9177.0,5
9178.0,3
9179.0,6
9180.0,0
9181.0,1
9182.0,2
9183.0,3
9184.0,4
9185.0,5
9186.0,6
9187.0,7
9188.0,8
9189.0,9
9190.0,0
9191.0,1
9192.0,2
9193.0,3
9194.0,4
9195.0,5
9196.0,6
9197.0,7
9198.0,8
9199.0,9
9200.0,0
9201.0,1
9202.0,2
9203.0,3
9204.0,4
9205.0,7
9206.0,8
9207.0,9
9208.0,6
9209.0,4
9210.0,2
9211.0,6
9212.0,4
9213.0,7
9214.0,8
9215.0,9
9216.0,2
9217.0,9
9218.0,3
9219.0,9
9220.0,3
9221.0,0
9222.0,0
9223.0,1
9224.0,0
9225.0,4
9226.0,2
9227.0,6
9228.0,3
9229.0,5
9230.0,3
9231.0,0
9232.0,3
9233.0,4
9234.0,1
9235.0,5
9236.0,3
9237.0,0
9238.0,8
9239.0,3
9240.0,0
9241.0,6
9242.0,1
9243.0,7
9244.0,8
9245.0,0
9246.0,9
9247.0,2
9248.0,6
9249.0,7
9250.0,1
9251.0,9
9252.0,6
9253.0,9
9254.0,4
9255.0,9
9256.0,9
9257.0,6
9258.0,7
9259.0,1
9260.0,2
9261.0,5
9262.0,3
9263.0,7
9264.0,8
9265.0,0
9266.0,1
9267.0,2
9268.0,4
9269.0,5
9270.0,6
9271.0,7
9272.0,8
9273.0,9
9274.0,0
9275.0,1
9276.0,3
9277.0,4
9278.0,5
9279.0,6
9280.0,7
9281.0,8
9282.0,0
9283.0,1
9284.0,3
9285.0,4
9286.0,7
9287.0,8
9288.0,9
9289.0,7
9290.0,5
9291.0,5
9292.0,1
9293.0,9
9294.0,9
9295.0,7
9296.0,1
9297.0,0
9298.0,0
9299.0,5
9300.0,9
9301.0,7
9302.0,1
9303.0,7
9304.0,2
9305.0,2
9306.0,3
9307.0,6
9308.0,8
9309.0,3
9310.0,2
9311.0,0
9312.0,0
9313.0,6
9314.0,1
9315.0,7
9316.0,5
9317.0,8
9318.0,6
9319.0,2
9320.0,9
9321.0,4
9322.0,8
9323.0,8
9324.0,7
9325.0,1
9326.0,0
9327.0,8
9328.0,7
9329.0,7
9330.0,5
9331.0,8
9332.0,5
9333.0,3
9334.0,4
9335.0,6
9336.0,1
9337.0,1
9338.0,5
9339.0,5
9340.0,0
9341.0,7
9342.0,2
9343.0,3
9344.0,6
9345.0,4
9346.0,1
9347.0,2
9348.0,4
9349.0,1
9350.0,5
9351.0,4
9352.0,2
9353.0,0
9354.0,4
9355.0,8
9356.0,6
9357.0,1
9358.0,9
9359.0,0
9360.0,2
9361.0,5
9362.0,6
9363.0,9
9364.0,3
9365.0,6
9366.0,3
9367.0,6
9368.0,0
9369.0,1
9370.0,2
9371.0,3
9372.0,4
9373.0,5
9374.0,6
9375.0,7
9376.0,8
9377.0,9
9378.0,0
9379.0,1
9380.0,2
9381.0,3
9382.0,4
9383.0,5
9384.0,6
9385.0,7
9386.0,8
9387.0,9
9388.0,0
9389.0,1
9390.0,2
9391.0,3
9392.0,5
9393.0,6
9394.0,7
9395.0,8
9396.0,1
9397.0,0
9398.0,9
9399.0,5
9400.0,7
9401.0,5
9402.0,1
9403.0,8
9404.0,6
9405.0,9
9406.0,0
9407.0,4
9408.0,1
9409.0,9
9410.0,3
9411.0,8
9412.0,4
9413.0,4
9414.0,7
9415.0,0
9416.0,1
9417.0,9
9418.0,2
9419.0,8
9420.0,7
9421.0,8
9422.0,2
9423.0,5
9424.0,9
9425.0,6
9426.0,0
9427.0,6
9428.0,5
9429.0,5
9430.0,3
9431.0,3
9432.0,3
9433.0,9
9434.0,8
9435.0,1
9436.0,1
9437.0,0
9438.0,6
9439.0,1
9440.0,0
9441.0,0
9442.0,6
9443.0,2
9444.0,1
9445.0,1
9446.0,3
9447.0,2
9448.0,7
9449.0,7
9450.0,8
9451.0,8
9452.0,7
9453.0,8
9454.0,4
9455.0,6
9456.0,0
9457.0,2
9458.0,0
9459.0,7
9460.0,0
9461.0,3
9462.0,6
9463.0,8
9464.0,7
9465.0,1
9466.0,5
9467.0,9
9468.0,9
9469.0,3
9470.0,7
9471.0,2
9472.0,4
9473.0,9
9474.0,4
9475.0,3
9476.0,6
9477.0,2
9478.0,2
9479.0,5
9480.0,3
9481.0,2
9482.0,5
9483.0,5
9484.0,9
9485.0,4
9486.0,1
9487.0,7
9488.0,2
9489.0,0
9490.0,1
9491.0,2
9492.0,3
9493.0,4
9494.0,5
9495.0,6
9496.0,7
9497.0,8
9498.0,9
9499.0,0
9500.0,1
9501.0,2
9502.0,3
9503.0,4
9504.0,5
9505.0,6
9506.0,2
9507.0,8
9508.0,9
9509.0,0
9510.0,1
9511.0,2
9512.0,3
9513.0,4
9514.0,5
9515.0,6
9516.0,7
9517.0,8
9518.0,9
9519.0,1
9520.0,0
9521.0,1
9522.0,2
9523.0,7
9524.0,5
9525.0,3
9526.0,4
9527.0,4
9528.0,0
9529.0,0
9530.0,6
9531.0,8
9532.0,6
9533.0,6
9534.0,5
9535.0,7
9536.0,2
9537.0,3
9538.0,4
9539.0,4
9540.0,9
9541.0,1
9542.0,4
9543.0,0
9544.0,7
9545.0,9
9546.0,5
9547.0,7
9548.0,2
9549.0,3
9550.0,1
9551.0,4
9552.0,4
9553.0,0
9554.0,9
9555.0,9
9556.0,6
9557.0,1
9558.0,8
9559.0,3
9560.0,3
9561.0,7
9562.0,3
9563.0,9
9564.0,8
9565.0,8
9566.0,4
9567.0,7
9568.0,7
9569.0,6
9570.0,2
9571.0,1
9572.0,9
9573.0,8
9574.0,7
9575.0,8
9576.0,8
9577.0,7
9578.0,2
9579.0,2
9580.0,3
9581.0,9
9582.0,3
9583.0,3
9584.0,5
9585.0,5
9586.0,0
9587.0,7
9588.0,9
9589.0,5
9590.0,6
9591.0,5
9592.0,1
9593.0,4
9594.0,1
9595.0,1
9596.0,2
9597.0,8
9598.0,2
9599.0,6
9600.0,1
9601.0,5
9602.0,0
9603.0,1
9604.0,2
9605.0,3
9606.0,4
9607.0,5
9608.0,6
9609.0,7
9610.0,8
9611.0,9
9612.0,0
9613.0,1
9614.0,2
9615.0,3
9616.0,4
9617.0,5
9618.0,6
9619.0,7
9620.0,8
9621.0,9
9622.0,0
9623.0,1
9624.0,2
9625.0,3
9626.0,4
9627.0,5
9628.0,6
9629.0,7
9630.0,8
9631.0,8
9632.0,0
9633.0,6
9634.0,0
9635.0,0
9636.0,2
9637.0,3
9638.0,7
9639.0,9
9640.0,4
9641.0,7
9642.0,1
9643.0,9
9644.0,1
9645.0,7
9646.0,1
9647.0,4
9648.0,0
9649.0,0
9650.0,1
9651.0,7
9652.0,5
9653.0,7
9654.0,1
9655.0,3
9656.0,3
9657.0,3
9658.0,1
9659.0,6
9660.0,9
9661.0,7
9662.0,1
9663.0,3
9664.0,0
9665.0,7
9666.0,6
9667.0,0
9668.0,8
9669.0,9
9670.0,4
9671.0,3
9672.0,5
9673.0,4
9674.0,8
9675.0,1
9676.0,5
9677.0,9
9678.0,0
9679.0,6
9680.0,6
9681.0,3
9682.0,8
9683.0,1
9684.0,4
9685.0,7
9686.0,5
9687.0,2
9688.0,0
9689.0,0
9690.0,1
9691.0,7
9692.0,8
9693.0,9
9694.0,6
9695.0,8
9696.0,8
9697.0,2
9698.0,3
9699.0,6
9700.0,1
9701.0,2
9702.0,9
9703.0,5
9704.0,2
9705.0,0
9706.0,1
9707.0,2
9708.0,3
9709.0,4
9710.0,5
9711.0,6
9712.0,7
9713.0,8
9714.0,9
9715.0,0
9716.0,1
9717.0,2
9718.0,3
9719.0,4
9720.0,5
9721.0,6
9722.0,7
9723.0,8
9724.0,9
9725.0,0
9726.0,1
9727.0,2
9728.0,3
9729.0,4
9730.0,6
9731.0,6
9732.0,7
9733.0,8
9734.0,9
9735.0,7
9736.0,4
9737.0,6
9738.0,1
9739.0,4
9740.0,0
9741.0,9
9742.0,9
9743.0,3
9744.0,7
9745.0,8
9746.0,4
9747.0,7
9748.0,5
9749.0,8
9750.0,5
9751.0,3
9752.0,2
9753.0,2
9754.0,0
9755.0,8
9756.0,8
9757.0,6
9758.0,0
9759.0,3
9760.0,8
9761.0,1
9762.0,0
9763.0,3
9764.0,0
9765.0,4
9766.0,7
9767.0,4
9768.0,9
9769.0,2
9770.0,9
9771.0,5
9772.0,7
9773.0,1
9774.0,7
9775.0,1
9776.0,6
9777.0,6
9778.0,5
9779.0,6
9780.0,2
9781.0,8
9782.0,7
9783.0,6
9784.0,4
9785.0,9
9786.0,9
9787.0,5
9788.0,3
9789.0,7
9790.0,4
9791.0,3
9792.0,0
9793.0,4
9794.0,6
9795.0,6
9796.0,1
9797.0,1
9798.0,3
9799.0,2
9800.0,1
9801.0,0
9802.0,0
9803.0,1
9804.0,2
9805.0,3
9806.0,4
9807.0,7
9808.0,8
9809.0,9
9810.0,0
9811.0,1
9812.0,2
9813.0,3
9814.0,4
9815.0,5
9816.0,6
9817.0,7
9818.0,8
9819.0,0
9820.0,1
9821.0,2
9822.0,3
9823.0,4
9824.0,7
9825.0,8
9826.0,9
9827.0,0
9828.0,8
9829.0,3
9830.0,9
9831.0,5
9832.0,5
9833.0,2
9834.0,6
9835.0,8
9836.0,4
9837.0,1
9838.0,7
9839.0,1
9840.0,2
9841.0,3
9842.0,5
9843.0,6
9844.0,9
9845.0,1
9846.0,1
9847.0,1
9848.0,2
9849.0,1
9850.0,2
9851.0,0
9852.0,7
9853.0,7
9854.0,5
9855.0,8
9856.0,2
9857.0,9
9858.0,8
9859.0,6
9860.0,7
9861.0,3
9862.0,4
9863.0,6
9864.0,8
9865.0,7
9866.0,0
9867.0,4
9868.0,2
9869.0,7
9870.0,7
9871.0,5
9872.0,4
9873.0,3
9874.0,4
9875.0,2
9876.0,8
9877.0,1
9878.0,5
9879.0,1
9880.0,0
9881.0,2
9882.0,3
9883.0,3
9884.0,5
9885.0,7
9886.0,0
9887.0,6
9888.0,8
9889.0,6
9890.0,3
9891.0,9
9892.0,9
9893.0,8
9894.0,2
9895.0,7
9896.0,7
9897.0,1
9898.0,0
9899.0,1
9900.0,7
9901.0,8
9902.0,9
9903.0,0
9904.0,1
9905.0,2
9906.0,3
9907.0,4
9908.0,5
9909.0,6
9910.0,7
9911.0,8
9912.0,0
9913.0,1
9914.0,2
9915.0,3
9916.0,4
9917.0,7
9918.0,8
9919.0,9
9920.0,7
9921.0,8
9922.0,6
9923.0,4
9924.0,1
9925.0,9
9926.0,3
9927.0,8
9928.0,4
9929.0,4
9930.0,7
9931.0,0
9932.0,1
9933.0,9
9934.0,2
9935.0,8
9936.0,7
9937.0,8
9938.0,2
9939.0,6
9940.0,0
9941.0,6
9942.0,5
9943.0,3
9944.0,3
9945.0,3
9946.0,9
9947.0,1
9948.0,4
9949.0,0
9950.0,6
9951.0,1
9952.0,0
9953.0,0
9954.0,6
9955.0,2
9956.0,1
9957.0,1
9958.0,7
9959.0,7
9960.0,8
9961.0,4
9962.0,6
9963.0,0
9964.0,7
9965.0,0
9966.0,3
9967.0,6
9968.0,8
9969.0,7
9970.0,1
9971.0,5
9972.0,2
9973.0,4
9974.0,9
9975.0,4
9976.0,3
9977.0,6
9978.0,4
9979.0,1
9980.0,7
9981.0,2
9982.0,6
9983.0,5
9984.0,0
9985.0,1
9986.0,2
9987.0,3
9988.0,4
9989.0,5
9990.0,6
9991.0,7
9992.0,8
9993.0,9
9994.0,0
9995.0,1
9996.0,2
9997.0,3
9998.0,4
9999.0,5
,6
